/*
SQLyog Ultimate v9.63 
MySQL - 5.6.17 : Database - cajeros
*********************************************************************
*/

/*!40101 SET NAMES utf8 */;

/*!40101 SET SQL_MODE=''*/;

/*!40014 SET @OLD_UNIQUE_CHECKS=@@UNIQUE_CHECKS, UNIQUE_CHECKS=0 */;
/*!40014 SET @OLD_FOREIGN_KEY_CHECKS=@@FOREIGN_KEY_CHECKS, FOREIGN_KEY_CHECKS=0 */;
/*!40101 SET @OLD_SQL_MODE=@@SQL_MODE, SQL_MODE='NO_AUTO_VALUE_ON_ZERO' */;
/*!40111 SET @OLD_SQL_NOTES=@@SQL_NOTES, SQL_NOTES=0 */;
CREATE DATABASE /*!32312 IF NOT EXISTS*/`cajeros` /*!40100 DEFAULT CHARACTER SET utf8 */;

USE `cajeros`;

/*Table structure for table `banco` */

DROP TABLE IF EXISTS `banco`;

CREATE TABLE `banco` (
  `id` int(11) NOT NULL AUTO_INCREMENT,
  `nombre` varchar(200) DEFAULT NULL,
  `estado` char(2) DEFAULT NULL,
  PRIMARY KEY (`id`)
) ENGINE=InnoDB AUTO_INCREMENT=13 DEFAULT CHARSET=latin1;

/*Data for the table `banco` */

insert  into `banco`(`id`,`nombre`,`estado`) values (1,'Pichincha','AC'),(2,'Bolivariano','AC'),(3,'Pacífico','AC'),(4,'Guayaquil','AC'),(5,'Produbanco','AC'),(6,'Proamerica','AC'),(7,'Austro','AC'),(8,'ProCredit','AC'),(9,'Machala','AC'),(10,'Solidario','AC'),(11,'Ruminahui','AC'),(12,'Banco de prueba','AC');

/*Table structure for table `cajero` */

DROP TABLE IF EXISTS `cajero`;

CREATE TABLE `cajero` (
  `id` int(11) NOT NULL AUTO_INCREMENT,
  `banco_id` int(11) DEFAULT NULL,
  `nombre` varchar(300) DEFAULT NULL,
  `horario` varchar(200) DEFAULT NULL,
  `direccion` varchar(500) DEFAULT NULL,
  `latitud` varchar(30) DEFAULT NULL,
  `longitud` varchar(30) DEFAULT NULL,
  `banred` tinyint(1) DEFAULT NULL,
  `pacificard` tinyint(1) DEFAULT NULL,
  `american_express` tinyint(1) DEFAULT NULL,
  `bankard` tinyint(1) DEFAULT NULL,
  `nexo` tinyint(1) DEFAULT NULL,
  `visa_debito` tinyint(1) DEFAULT NULL,
  `visa` tinyint(1) DEFAULT NULL,
  `plus` tinyint(1) DEFAULT NULL,
  `mastercard` tinyint(1) DEFAULT NULL,
  `cirrus` tinyint(1) DEFAULT NULL,
  `maestro` tinyint(1) DEFAULT NULL,
  `diners` tinyint(1) DEFAULT NULL,
  `estado` char(2) DEFAULT NULL,
  PRIMARY KEY (`id`),
  KEY `fk_banco_id` (`banco_id`),
  CONSTRAINT `fk_banco_id` FOREIGN KEY (`banco_id`) REFERENCES `banco` (`id`)
) ENGINE=InnoDB AUTO_INCREMENT=675 DEFAULT CHARSET=latin1;

/*Data for the table `cajero` */

insert  into `cajero`(`id`,`banco_id`,`nombre`,`horario`,`direccion`,`latitud`,`longitud`,`banred`,`pacificard`,`american_express`,`bankard`,`nexo`,`visa_debito`,`visa`,`plus`,`mastercard`,`cirrus`,`maestro`,`diners`,`estado`) values (1,5,'Agencia 09 de Octubre ',NULL,'Lorenzo de Garaycoa 817, entre Av. 9 de Octubre y Víctor Manuel Rendón','-2.189698','-79.886861',1,NULL,NULL,NULL,NULL,NULL,1,NULL,1,1,1,NULL,'AC'),(2,5,'Agencia Bahía',NULL,'Malecón 2210 y General Franco ','-2.198699','-79.881408',1,NULL,NULL,NULL,NULL,NULL,1,NULL,1,1,1,NULL,'AC'),(3,5,'Agencia Garzota',NULL,'Agustin Freire y Av. Rodolfo Baquerizo Nazur, C.C Plaza La Garzota','-2.144890','-79.895348',1,NULL,NULL,NULL,NULL,NULL,1,NULL,1,1,1,NULL,'AC'),(4,5,'Agencia Mall del Sol',NULL,'Joaquín Orrantia y Av Juan Tanca Marengo (CC Mall del Sol, local B74)','-2.155158','-79.892655',1,NULL,NULL,NULL,NULL,NULL,1,NULL,1,1,1,NULL,'AC'),(5,5,'Agencia Mall del Sur',NULL,'Av. 25 de Julio y José de la Cuadra (Locales 4 y 5 C.C. Mall del Sur)','-2.229209','-79.898532',1,NULL,NULL,NULL,NULL,NULL,1,NULL,1,1,1,NULL,'AC'),(6,5,'Agencia Mercado Central',NULL,'6 de Marzo 924 y Clemente Ballén','-2.193778','-79.888261',1,NULL,NULL,NULL,NULL,NULL,1,NULL,1,1,1,NULL,'AC'),(7,5,'Agencia San Marino',NULL,'Av. Francisco de Orellana y Carlos Luis Plaza Dañin (CC.  San Marino)','-2.169410',' -79.898158',1,NULL,NULL,NULL,NULL,NULL,1,NULL,1,1,1,NULL,'AC'),(8,5,'Agencia Urdesa',NULL,'Víctor Emilio Estrada 206 entre Bálsamos y Cedros (Urdesa)','-2.174485',' -79.905498',1,NULL,NULL,NULL,NULL,NULL,1,NULL,1,1,1,NULL,'AC'),(9,5,'Agencia Village Plaza',NULL,'Km 1 1/2 Vía Sanborondón (CC Village Plaza, local 3)','-2.140486',' -79.864658',1,NULL,NULL,NULL,NULL,NULL,1,NULL,1,1,1,NULL,'AC'),(10,5,'Sucursal Guayaquil',NULL,'Pedro Carbo 604 y Luque','-2.193328',' -79.881781',1,NULL,NULL,NULL,NULL,NULL,1,NULL,1,1,1,NULL,'AC'),(11,5,'Agencia Express Los Ceibos',NULL,'Km 6 ½ Av. del Bombero (Megamaxi Los Ceibos)','-2.173662',' -79.939818',1,NULL,NULL,NULL,NULL,NULL,1,NULL,1,1,1,NULL,'AC'),(12,5,'Agencia Express Mall del Sur',NULL,'Av. 25 de Julio y José de la Cuadra (Megamaxi, local M5 CC. Mall del Sur)','-2.229697',' -79.898864',1,NULL,NULL,NULL,NULL,NULL,1,NULL,1,1,1,NULL,'AC'),(13,5,'Agencia Express Megamaxi',NULL,'Joaquín Orrantia y Av. Juan Tanca Marengo (Megamaxi CC. Mall del Sol)','-2.155836',' -79.891502',1,NULL,NULL,NULL,NULL,NULL,1,NULL,1,1,1,NULL,'AC'),(14,5,'Agencia Express Village Plaza',NULL,'Km 1 1/2 Vía Sanborondón (CC Village Plaza, Megamaxi)','-2.140154',' -79.864712',1,NULL,NULL,NULL,NULL,NULL,1,NULL,1,1,1,NULL,'AC'),(15,5,'Centro Comercial Albán Borja',NULL,'Av. Carlos Julio Arosemena (C.C. Albán Borja)','-2.168721',' -79.916736',1,NULL,NULL,NULL,NULL,NULL,1,NULL,1,1,1,NULL,'AC'),(16,5,'Supermaxi Parque California',NULL,'Km 12 Vía Daule y Calle C (Supermaxi)','-2.101452',' -79.937162',1,NULL,NULL,NULL,NULL,NULL,1,NULL,1,1,1,NULL,'AC'),(17,5,'Agencia City Mall',NULL,'CC. City Mall Local 8 y 9 PB. Felipe Pezo y Av. Benjamín Carrión','-2.141032',' -79.909671',1,NULL,NULL,NULL,NULL,NULL,1,NULL,1,1,1,NULL,'AC'),(18,5,'Agencia City Mall Express',NULL,'CC. City Mall 2do nivel (Megamaxi) .Av Benjamim Carrion y Felipe Pezo ','-2.141220',' -79.909980',1,NULL,NULL,NULL,NULL,NULL,1,NULL,1,1,1,NULL,'AC'),(19,5,'Gran Akí Comín',NULL,'Av. Domingo Comin y Pio Valdiviezo ','-2.241959',' -79.891577',1,NULL,NULL,NULL,NULL,NULL,1,NULL,1,1,1,NULL,'AC'),(20,5,'Blue Coast',NULL,'Blue Coast Business Center. Kilómetro 11 de la vía a la Costa. Alado de la Urbanización Portofino. ','-2.183609',' -79.986011',1,NULL,NULL,NULL,NULL,NULL,1,NULL,1,1,1,NULL,'AC'),(21,5,'Supermaxi Ciudad Colón XP ',NULL,'Av. Presidente Jaime Roldos Aguilera, solar 1, junto a Ciudad Colon y Parque empresarial Colon. Edificio Supermaxi Primer piso.','-2.153294',' -79.905650',1,NULL,NULL,NULL,NULL,NULL,1,NULL,1,1,1,NULL,'AC'),(22,6,'Principal','','Francisco de Orellana y Eugenio Almazán','-2.166440',' -79.895501',NULL,NULL,NULL,NULL,NULL,NULL,NULL,NULL,NULL,NULL,NULL,NULL,'AC'),(23,6,'Alborada',NULL,'Guillermo Pareja R, y Benjamín Carrión','-2.135358',' -79.901252',NULL,NULL,NULL,NULL,NULL,NULL,NULL,NULL,NULL,NULL,NULL,NULL,'AC'),(24,6,'Los Ceibos',NULL,'C.C. Piazza Ceibos','-2.177362',' -79.941059',NULL,NULL,NULL,NULL,NULL,NULL,NULL,NULL,NULL,NULL,NULL,NULL,'AC'),(25,6,'Urdesa',NULL,'Victor Emilio Estrada 511 Ed. Fontana','-2.170102',' -79.909643',NULL,NULL,NULL,NULL,NULL,NULL,NULL,NULL,NULL,NULL,NULL,NULL,'AC'),(26,6,'Vía Daule',NULL,'C.C. Plaza 9 , km 9 vía a Daule','-2.117368',' -79.932566',NULL,NULL,NULL,NULL,NULL,NULL,NULL,NULL,NULL,NULL,NULL,NULL,'AC'),(27,6,'Cámara de la Construcción',NULL,'Francisco de Orellana entre Miguel H. Alcívar y Victor H. Sicouret. Ed. Las Cámaras','-2.158041',' -79.897214',NULL,NULL,NULL,NULL,NULL,NULL,NULL,NULL,NULL,NULL,NULL,NULL,'AC'),(28,6,'Mobil Córdova',NULL,'Córdova y Juan Montalvo','-2.185056',' -79.879603',NULL,NULL,NULL,NULL,NULL,NULL,NULL,NULL,NULL,NULL,NULL,NULL,'AC'),(29,6,'Mobil Fae 1',NULL,'Av. Pedro Menendez Gilbert (Junto al Liceo Naval)','-2.159669',' -79.879916',NULL,NULL,NULL,NULL,NULL,NULL,NULL,NULL,NULL,NULL,NULL,NULL,'AC'),(30,6,'Mobil Kennedy','','Av. Francisco de Orellana (Cdla Kennedy)','-2.16502702945888','-79.89691515211484',NULL,NULL,NULL,NULL,NULL,NULL,NULL,NULL,NULL,NULL,NULL,NULL,'AC'),(31,6,'Mobil Ecológica',NULL,'Av. Juan Tanca Marengo (Frente a Coca - Cola)','-2.145030',' -79.917012',NULL,NULL,NULL,NULL,NULL,NULL,NULL,NULL,NULL,NULL,NULL,NULL,'AC'),(32,6,'Mobil Centenario',NULL,'Chile y Azuay','-2.215828',' -79.888342',NULL,NULL,NULL,NULL,NULL,NULL,NULL,NULL,NULL,NULL,NULL,NULL,'AC'),(33,6,'Mobil Pradera',NULL,'Cdla. Pradera y Av. Domingo Comín','-2.236879',' -79.891174',NULL,NULL,NULL,NULL,NULL,NULL,NULL,NULL,NULL,NULL,NULL,NULL,'AC'),(34,6,'Mobil Fae 2',NULL,'Av. Pedro Menendez Gilbert (Junto a Ecuafuel)','-2.164203',' -79.880448',NULL,NULL,NULL,NULL,NULL,NULL,NULL,NULL,NULL,NULL,NULL,NULL,'AC'),(35,6,'Mobil Beneficencia',NULL,'Av. de las Américas y Jaime Roldós','-2.145785',' -79.885845',NULL,NULL,NULL,NULL,NULL,NULL,NULL,NULL,NULL,NULL,NULL,NULL,'AC'),(36,6,'Mobil Ceibos',NULL,'Av. del Bombero','-2.170544',' -79.937608',NULL,NULL,NULL,NULL,NULL,NULL,NULL,NULL,NULL,NULL,NULL,NULL,'AC'),(37,6,'Mobil Pegaso','','Av. Juan Tanca Marengo Km 1 ½ ','-2.159644',' -79.891962',NULL,NULL,NULL,NULL,NULL,NULL,NULL,NULL,NULL,NULL,NULL,NULL,'AC'),(55,7,'GUAYAQUIL PRINCIPAL ',NULL,'9 de octubre y Boyacá ','-2.190848',' -79.884182',1,NULL,NULL,NULL,NULL,1,1,1,1,1,NULL,NULL,'AC'),(56,7,'ALBORADA',NULL,'Av. Rodolfo Baquerizo C.C. Albocentro. Alborada IV etapa','-2.141263',' -79.896831',1,NULL,NULL,NULL,NULL,1,1,1,1,1,NULL,NULL,'AC'),(57,7,'URDESA',NULL,'Victor Emilio Estrada y Dátiles','-2.172377',' -79.907572',1,NULL,NULL,NULL,NULL,1,1,1,1,1,NULL,NULL,'AC'),(58,7,'AEROPUERTO GYE',NULL,'Aeropuerto- Guayaquil. Simón Bolivar ','-2.158018',' -79.883943',1,NULL,NULL,NULL,NULL,1,1,1,1,1,NULL,NULL,'AC'),(59,7,'ORELLANA',NULL,'Av. 9 de Octubre y Carchi','-2.187363',' -79.895633',1,NULL,NULL,NULL,NULL,1,1,1,1,1,NULL,NULL,'AC'),(60,7,'KENNEDY ',NULL,'Av. Francisco de Orellana y Calle 3ra','-2.167559',' -79.895914',1,NULL,NULL,NULL,NULL,1,1,1,1,1,NULL,NULL,'AC'),(61,7,'ENTRE RIOS ',NULL,'Av. La Puntilla Mz. Z1 Solar 24-25','-2.148076',' -79.864813',1,NULL,NULL,NULL,NULL,1,1,1,1,1,NULL,NULL,'AC'),(62,7,'MALL DEL SUR',NULL,'Av. 25 de Julio y José de la Cuadra (C.C.M)','-2.229062',' -79.898139',1,NULL,NULL,NULL,NULL,1,1,1,1,1,NULL,NULL,'AC'),(63,7,'METRO E. IESS',NULL,'Av. Olmedo entre Chimborazo y Boyacá','-2.197727',' -79.884850',1,NULL,NULL,NULL,NULL,1,1,1,1,1,NULL,NULL,'AC'),(64,7,'PARQUE CALIFORNIA ',NULL,'Vía Daule. Km . 11,5 C.C. parque California ','-2.101442',' -79.937226',1,NULL,NULL,NULL,NULL,1,1,1,1,1,NULL,NULL,'AC'),(65,7,'HOTEL CONTINENTAL',NULL,'Calle Chile 508 y 10 de Agosto ','-2.195152',' -79.882908',1,NULL,NULL,NULL,NULL,1,1,1,1,1,NULL,NULL,'AC'),(66,7,'CDLA. VERNAZA NORTE ',NULL,'Av. Joaquín Orrantia y Av. Leopoldo Benítez. ','-2.155733',' -79.889595',1,NULL,NULL,NULL,NULL,1,1,1,1,1,NULL,NULL,'AC'),(67,7,'HOTEL HAWARD JHONSON',NULL,'Av. Juan Tanca Marengo y Abel Castillo ','-2.157542',' -79.892503',1,NULL,NULL,NULL,NULL,1,1,1,1,1,NULL,NULL,'AC'),(68,3,'Aeropuerto J.J. Olmedo - Lobby',NULL,'Aeropuerto José Joaquin de Olmedo','-2.148434',' -79.884082',NULL,1,NULL,NULL,NULL,NULL,1,NULL,1,NULL,NULL,NULL,'AC'),(69,3,'Alborada Plaza Mayor - Lobby',NULL,'C. C. Plaza Mayor, Av. Guillermo Pareja Rolando','-2.141130',' -79.897827',NULL,1,NULL,NULL,NULL,NULL,1,NULL,1,NULL,NULL,NULL,'AC'),(70,3,'Anexo Matriz',NULL,'Pedro Carbo y P. Y caza esq.','-2.191151',' -79.880904',NULL,1,NULL,NULL,NULL,NULL,1,NULL,1,NULL,NULL,NULL,'AC'),(71,3,'Banco Capital - Lobby',NULL,'9 de Octubre y Tulcan esquina','-2.187797',' -79.894595',NULL,1,NULL,NULL,NULL,NULL,1,NULL,1,NULL,NULL,NULL,'AC'),(72,3,'Banco Territorial - Lobby',NULL,'Pichincha esquina y P. Icaza','-2.191440','-79.880100',NULL,1,NULL,NULL,NULL,NULL,1,NULL,1,NULL,NULL,NULL,'AC'),(73,3,'Centromático Sur',NULL,'Av. 25 de Julio y Av. José Vicente Trujillo, frente a las Acacias','-2.222999',' -79.898195',NULL,1,NULL,NULL,NULL,NULL,1,NULL,1,NULL,NULL,NULL,'AC'),(74,3,'Cervecería',NULL,'Empresa Cervecería Nacional, Vía Daule','-2.060787',' -79.953555',NULL,1,NULL,NULL,NULL,NULL,1,NULL,1,NULL,NULL,NULL,'AC'),(75,3,'CNT Garzota- Lobby',NULL,'Av. Guillermo Pareja Rolando, Edificio CNT','-2.146150',' -79.893643',NULL,1,NULL,NULL,NULL,NULL,1,NULL,1,NULL,NULL,NULL,'AC'),(76,3,'Distribuidoras Farmaceuticas Dromayor - Lobby',NULL,'Alejo Lascano 105 y Boyaca','-2.186624',' -79.883549',NULL,1,NULL,NULL,NULL,NULL,1,NULL,1,NULL,NULL,NULL,'AC'),(77,3,'Ebc Sur',NULL,'Calle Pública Av. 25 de Julio Mz. 15 Solar # 6','-2.229602',' -79.897186',NULL,1,NULL,NULL,NULL,NULL,1,NULL,1,NULL,NULL,NULL,'AC'),(78,3,'El Universo',NULL,'Av. Domingo Comín y Calle 11, Empresa El Universo','-2.233152',' -79.890088',NULL,1,NULL,NULL,NULL,NULL,1,NULL,1,NULL,NULL,NULL,'AC'),(79,3,'Espol',NULL,'Campus Politécnica Prosperina, Vía Perimetral','-2.14627714751548','-79.96514437168884',NULL,1,NULL,NULL,NULL,NULL,1,NULL,1,NULL,NULL,NULL,'AC'),(80,3,'Hipermercado Sur- Lobby',NULL,'C. C. Riocentro Sur, Av. 25 de Julio','-2.241598',' -79.895174',NULL,1,NULL,NULL,NULL,NULL,1,NULL,1,NULL,NULL,NULL,'AC'),(81,3,'Hotel Oro Verde',NULL,'9 de Octubre y Avenida del Ejército','-2.188582',' -79.892121',NULL,1,NULL,NULL,NULL,NULL,1,NULL,1,NULL,NULL,NULL,'AC'),(82,3,'La Rotonda - Lobby',NULL,'C. C. La Rotonda, Cdla. La Alborada, 10 Etapa','-2.139181',' -79.908205',NULL,1,NULL,NULL,NULL,NULL,1,NULL,1,NULL,NULL,NULL,'AC'),(83,3,'Mall del Sol - Patio de comidas - Lobby',NULL,'C. C. Mall del Sol, Av. Constitución y J. T. Marengo. Patio de comidas','-2.155217',' -79.892634',NULL,1,NULL,NULL,NULL,NULL,1,NULL,1,NULL,NULL,NULL,'AC'),(84,3,'Mall del Sur - Patio de comidas - Lobby',NULL,'C. C. Mall del Sur, Avenida 25 De Julio y Ernesto Albán. Patio de comidas','-2.229252',' -79.898547',NULL,1,NULL,NULL,NULL,NULL,1,NULL,1,NULL,NULL,NULL,'AC'),(85,3,'Megamaxi Ceibos - Lobby',NULL,'Av. Del Bombero, Km 7','-2.173638',' -79.939792',NULL,1,NULL,NULL,NULL,NULL,1,NULL,1,NULL,NULL,NULL,'AC'),(86,3,'Megamaxi Mall del Sol - Lobby',NULL,'C. C. Mall del Sol, Av. Constitución y J. T. Marengo','-2.155217',' -79.892634',NULL,1,NULL,NULL,NULL,NULL,1,NULL,1,NULL,NULL,NULL,'AC'),(87,3,'Mi Comisariato Alborada - Lobby',NULL,'Mi Comisariato, Av. Guillermo Pareja Rolando y C. Segunda','-2.142021',' -79.897531',NULL,1,NULL,NULL,NULL,NULL,1,NULL,1,NULL,NULL,NULL,'AC'),(88,3,'Mi Comisariato Garzota - Lobby',NULL,'Av. De las Américas e Isidro Ayora','-2.144967',' -79.885303',NULL,1,NULL,NULL,NULL,NULL,1,NULL,1,NULL,NULL,NULL,'AC'),(89,3,'Mi Comisariato Parque California - Lobby',NULL,'C.C. Parque California Via Daule','-2.101512',' -79.937119',NULL,1,NULL,NULL,NULL,NULL,1,NULL,1,NULL,NULL,NULL,'AC'),(90,3,'Mi Comisariato Plaza Quil - Lobby',NULL,'C. C. Plaza Quil, Av. Plaza Dañín y Fco. De Orellana','-2.168959',' -79.899329',NULL,1,NULL,NULL,NULL,NULL,1,NULL,1,NULL,NULL,NULL,'AC'),(91,3,'Mi Comisariato R. Aviles - Lobby',NULL,'Mi Comisariato, Rosendo Avilés y Bogotá','-2.218653',' -79.893166',NULL,1,NULL,NULL,NULL,NULL,1,NULL,1,NULL,NULL,NULL,'AC'),(92,3,'Petrocomercial Elipol - Lobby',NULL,'Av. Machala y Manuel Galecio','-2.185442',' -79.888608',NULL,1,NULL,NULL,NULL,NULL,1,NULL,1,NULL,NULL,NULL,'AC'),(93,3,'Plaza Colon - Lobby',NULL,'Malecón 2000, Colón y Malecon','-2.197352',' -79.880879',NULL,1,NULL,NULL,NULL,NULL,1,NULL,1,NULL,NULL,NULL,'AC'),(94,3,'Plaza Vernaza - Lobby',NULL,'C. C. Plaza Vernaza, Calle Loja y General Córdova','-2.184669',' -79.879335',NULL,1,NULL,NULL,NULL,NULL,1,NULL,1,NULL,NULL,NULL,'AC'),(95,3,'Porta Centrum - Lobby',NULL,'Av. Fco de Orellana Edif. Centrum 3er Piso','-2.164462',' -79.895929',NULL,1,NULL,NULL,NULL,NULL,1,NULL,1,NULL,NULL,NULL,'AC'),(96,3,'- D. Comin 2- Lobby',NULL,'Av. Domingo Comín, frente a Chevrolet','-2.236613',' -79.890731',NULL,1,NULL,NULL,NULL,NULL,1,NULL,1,NULL,NULL,NULL,'AC'),(97,3,'Primax Domingo Comin - Lobby',NULL,'Av. Domingo Comín y Ernesto AlbánPrimax','-2.229208',' -79.890426',NULL,1,NULL,NULL,NULL,NULL,1,NULL,1,NULL,NULL,NULL,'AC'),(98,3,'Primax Fco de Orellana - Lobby',NULL,'Av. Fco. Orellana, entre Mc. Donalds y Fybeca','-2.167866',' -79.896034',NULL,1,NULL,NULL,NULL,NULL,1,NULL,1,NULL,NULL,NULL,'AC'),(99,3,'Primax Plaza Dañin- Lobby',NULL,'Av. Plaza Dañin y Av. De las Americas','-2.171401',' -79.890182',NULL,1,NULL,NULL,NULL,NULL,1,NULL,1,NULL,NULL,NULL,'AC'),(100,3,'Riocentro Entrerios - Lobby',NULL,'C. C. Entrerios, Vía Samborondón','-2.141846',' -79.864627',NULL,1,NULL,NULL,NULL,NULL,1,NULL,1,NULL,NULL,NULL,'AC'),(101,3,'San Marino - Lobby',NULL,'C. C. San Marino, Av. Fco. Orellana y Av. Plaza Dañín','-2.169448',' -79.898136',NULL,1,NULL,NULL,NULL,NULL,1,NULL,1,NULL,NULL,NULL,'AC'),(102,3,'Standard Fruit',NULL,'Av. Las Monjas #10 y Av. C. J. Arosemena, Edif. Berlín','-2.173205',' -79.913055',NULL,1,NULL,NULL,NULL,NULL,1,NULL,1,NULL,NULL,NULL,'AC'),(103,3,'Terpel Ayacucho - Lobby',NULL,'Ayacucho y la Novena esq.','-2.193973',' -79.906448',NULL,1,NULL,NULL,NULL,NULL,1,NULL,1,NULL,NULL,NULL,'AC'),(104,3,'Terpel Domingo Comin - Lobby',NULL,'Av. Domingo Comín y Av. Ernesto Alban','-2.231614',' -79.890701',NULL,1,NULL,NULL,NULL,NULL,1,NULL,1,NULL,NULL,NULL,'AC'),(105,3,'Terpel Portete - Lobby',NULL,'Portete y Gallegos Lara','  -2.204774',' -79.905484',NULL,1,NULL,NULL,NULL,NULL,1,NULL,1,NULL,NULL,NULL,'AC'),(106,3,'Universidad de Guayaquil',NULL,'Universidad de Guayaquil, frente a Edificio Administrativo','-2.181359',' -79.899000',NULL,1,NULL,NULL,NULL,NULL,1,NULL,1,NULL,NULL,NULL,'AC'),(107,4,'9 De Octubre 1',NULL,'9 Octubre 1404 Y Machala','-2.18918','-79.8901',1,NULL,1,NULL,NULL,NULL,1,1,1,1,1,NULL,'AC'),(108,4,'9 De Octubre 2',NULL,'9 Octubre 1404 Y Machala','-2.18919','-79.8901',1,NULL,1,NULL,NULL,NULL,1,1,1,1,1,NULL,'AC'),(109,4,'9 De Octubre 3',NULL,'9 Octubre 1404 Y Machala','-2.18918','-79.8901',1,NULL,1,NULL,NULL,NULL,1,1,1,1,1,NULL,'AC'),(110,4,'9 De Octubre 4',NULL,'9 Octubre 1404 Y Machala','-2.18917','-79.8901',1,NULL,1,NULL,NULL,NULL,1,1,1,1,1,NULL,'AC'),(111,4,'Aeropuerto Internacional',NULL,'Av. De Las Amèricas. Aeropuerto J.J. De Olmedo','-2.14729','-79.88427',1,NULL,1,NULL,NULL,NULL,1,1,1,1,1,NULL,'AC'),(112,4,'Ag Boulevard 1',NULL,'9 De Octubre Entre Garcìa Avilès Y Rumichaca','-2.19055','-79.8852',1,NULL,1,NULL,NULL,NULL,1,1,1,1,1,NULL,'AC'),(113,4,'Ag Boulevard 2',NULL,'9 De Octubre Entre Garcìa Avilès Y Rumichaca','-2.1905','-79.8849',1,NULL,1,NULL,NULL,NULL,1,1,1,1,1,NULL,'AC'),(114,4,'Ag Rio Centro Sur',NULL,'Cc Riocentro Sur. Avenida 25 De Julio','-2.2407396','-79.895733',1,NULL,1,NULL,NULL,NULL,1,1,1,1,1,NULL,'AC'),(115,4,'Ag Rio Centro Sur 2',NULL,'Av. 25 De Julio. Diagonal Al Registro Civil','-2.240877','-79.89566',1,NULL,1,NULL,NULL,NULL,1,1,1,1,1,NULL,'AC'),(116,4,'Ag. Nueva Portete 1',NULL,'Portete Y La 15','-2.2020972','-79.914348',1,NULL,1,NULL,NULL,NULL,1,1,1,1,1,NULL,'AC'),(117,4,'Ag. Nueva Portete 2',NULL,'Portete Y La 15','-2.20205','-79.914313',1,NULL,1,NULL,NULL,NULL,1,1,1,1,1,NULL,'AC'),(118,4,'Agencia Pascuales',NULL,'Av. Principal De Pascuales','-2.06381','-79.93057',1,NULL,1,NULL,NULL,NULL,1,1,1,1,1,NULL,'AC'),(119,4,'Aguirre 1',NULL,'Aguirre 823 Y Garcia Avilès','-2.19305','-79.8855',1,NULL,1,NULL,NULL,NULL,1,1,1,1,1,NULL,'AC'),(120,4,'Aguirre 2',NULL,'Aguirre 823 Y Garcia Avilès','-2.19306','-79.8855',1,NULL,1,NULL,NULL,NULL,1,1,1,1,1,NULL,'AC'),(121,4,'Aje Ecuador',NULL,'Km. 15.5 Vía A Daule','-2.0641','-79.944',1,NULL,1,NULL,NULL,NULL,1,1,1,1,1,NULL,'AC'),(122,4,'Aki 25 De Julio 1',NULL,'Av. 25 De Julio. Santa Mónica. Av. 25 De Julio Y Calle 51C','-2.25102','-79.8972',1,NULL,1,NULL,NULL,NULL,1,1,1,1,1,NULL,'AC'),(123,4,'Aki 25 De Julio 2',NULL,'Av. 25 De Julio. Santa Mónica. Av. 25 De Julio Y Calle 51C','-2.25097','-79.897',1,NULL,1,NULL,NULL,NULL,1,1,1,1,1,NULL,'AC'),(124,4,'Aki Astillero',NULL,'Chile Y San Martin Esquina','-2.20795','-79.88625',1,NULL,1,NULL,NULL,NULL,1,1,1,1,1,NULL,'AC'),(125,4,'Aki Atarazana',NULL,'Cdla. Atarazana','-2.17631','-79.8867',1,NULL,1,NULL,NULL,NULL,1,1,1,1,1,NULL,'AC'),(126,4,'Aki Domingo Comin 1',NULL,'Avenida 10Se ( Monseñor Domingo Comín ) Y Calle 55 Se','-2.265763','-79.894646',1,NULL,1,NULL,NULL,NULL,1,1,1,1,1,NULL,'AC'),(127,4,'Aki Domingo Comin 2',NULL,'Avenida 10Se ( Monseñor Domingo Comín ) Y Calle 55 Se','-2.2655507','-79.894669',1,NULL,1,NULL,NULL,NULL,1,1,1,1,1,NULL,'AC'),(128,4,'Albán Borja 1',NULL,'Carlos Julio Arosemena. C.C. Albán Borja','-2.16867','-79.9171',1,NULL,1,NULL,NULL,NULL,1,1,1,1,1,NULL,'AC'),(129,4,'Albán Borja 2',NULL,'Carlos Julio Arosemena. C.C. Albán Borja','-2.16932','-79.9163',1,NULL,1,NULL,NULL,NULL,1,1,1,1,1,NULL,'AC'),(130,4,'Alborada 1',NULL,'Av. Guillermo Pareja Y José Ma. Egas','-2.13957','-79.8986',1,NULL,1,NULL,NULL,NULL,1,1,1,1,1,NULL,'AC'),(131,4,'Alborada 2',NULL,'Av. Guillermo Pareja Y José Ma. Egas','-2.13956','-79.8986',1,NULL,1,NULL,NULL,NULL,1,1,1,1,1,NULL,'AC'),(132,4,'Alborada 3',NULL,'Av. Guillermo Pareja Y José Ma. Egas','-2.13957','-79.8986',1,NULL,1,NULL,NULL,NULL,1,1,1,1,1,NULL,'AC'),(133,4,'Alborada 4',NULL,'Av. Guillermo Pareja Y José Ma. Egas','-2.13958','-79.8986',1,NULL,1,NULL,NULL,NULL,1,1,1,1,1,NULL,'AC'),(134,4,'Alborada 5',NULL,'Av. Guillermo Pareja Y José Ma. Egas','-2.13958','-79.8986',1,NULL,1,NULL,NULL,NULL,1,1,1,1,1,NULL,'AC'),(135,4,'Autolasa',NULL,'Roberto Gilbert Y Nicassio Safadi','-2.17028','-79.8793',1,NULL,1,NULL,NULL,NULL,1,1,1,1,1,NULL,'AC'),(136,4,'Av. Rodrigo Icaza Cornejo',NULL,'Av. Rodrigo Icaza Cornejo','-2.12262','-79.88962',1,NULL,1,NULL,NULL,NULL,1,1,1,1,1,NULL,'AC'),(137,4,'Avícola Fernandez Garzota',NULL,'Cdla. Garzota. Av. América. Frente A C.C. Terminal','-2.14294','-79.8844',1,NULL,1,NULL,NULL,NULL,1,1,1,1,1,NULL,'AC'),(138,4,'Avícola Fernandez Ppg',NULL,'Los Ríos Y Pedro Pablo Gomez','-2.19567','-79.8966',1,NULL,1,NULL,NULL,NULL,1,1,1,1,1,NULL,'AC'),(139,4,'Big Outlet',NULL,'Av. Camilo Ponce Enriquez. Via Durán Tambo','-2.1545','-79.9312',1,NULL,1,NULL,NULL,NULL,1,1,1,1,1,NULL,'AC'),(140,4,'Botica Barcia',NULL,'Lorenzo De Garaicoa Y Colòn','-2.19589','-79.8878',1,NULL,1,NULL,NULL,NULL,1,1,1,1,1,NULL,'AC'),(141,4,'C.C. Plaza Mayor',NULL,'Av. Rodolfo Baquerzi Nazur','-2.14056','-79.8979',1,NULL,1,NULL,NULL,NULL,1,1,1,1,1,NULL,'AC'),(142,4,'C.Convenciones 1',NULL,'Av. De Las Américas Y Constitución. Frente A Tc','-2.15824','-79.8873',1,NULL,1,NULL,NULL,NULL,1,1,1,1,1,NULL,'AC'),(143,4,'C.Convenciones 2',NULL,'Av. De Las Américas Y Constitución. Frente A Tc','-2.15797','-79.8871',1,NULL,1,NULL,NULL,NULL,1,1,1,1,1,NULL,'AC'),(144,4,'C.Convenciones 3',NULL,'Av. De Las Américas Y Constitución. Frente A Tc','-2.1581','-79.8872',1,NULL,1,NULL,NULL,NULL,1,1,1,1,1,NULL,'AC'),(145,4,'California 1',NULL,'Parque California. Km. 11.5 , Vìa A Daule','-2.10048','-79.9364',1,NULL,1,NULL,NULL,NULL,1,1,1,1,1,NULL,'AC'),(146,4,'California 2',NULL,'Parque California. Km. 11.5 , Vìa A Daule','-2.10058','-79.9364',1,NULL,1,NULL,NULL,NULL,1,1,1,1,1,NULL,'AC'),(147,4,'California 3',NULL,'Parque California. Km. 11.5 , Vìa A Daule','-2.10058','-79.9363',1,NULL,1,NULL,NULL,NULL,1,1,1,1,1,NULL,'AC'),(148,4,'California 4',NULL,'Parque California. Km. 11.5 , Vìa A Daule','-2.10048','-79.9363',1,NULL,1,NULL,NULL,NULL,1,1,1,1,1,NULL,'AC'),(149,4,'California 5',NULL,'Parque California. Km. 11.5 , Vìa A Daule','-2.10044','-79.9363',1,NULL,1,NULL,NULL,NULL,1,1,1,1,1,NULL,'AC'),(150,4,'Caraguay',NULL,'Mercado Caraguay. (Barrio Cuba)','-2.22707','-79.8869',1,NULL,1,NULL,NULL,NULL,1,1,1,1,1,NULL,'AC'),(151,4,'Casino Hotel Hampton',NULL,'9 De Octubre Y Chile','-2.19122','-79.8826',1,NULL,1,NULL,NULL,NULL,1,1,1,1,1,NULL,'AC'),(152,4,'Categ Garzota',NULL,'La Garzota. Sector 3. Manzana 4','-2.14569','-79.8925',1,NULL,1,NULL,NULL,NULL,1,1,1,1,1,NULL,'AC'),(153,4,'Ceibos Norte',NULL,'Ceibos Norte. Av. L.Carr','-2.15485','-79.9446',1,NULL,1,NULL,NULL,NULL,1,1,1,1,1,NULL,'AC'),(154,4,'Celular Center',NULL,'Baquerizo Moreno Y 9 De Octubre','-2.1911','-79.8831',1,NULL,1,NULL,NULL,NULL,1,1,1,1,1,NULL,'AC'),(155,4,'Centenario 1',NULL,'Arguelles Y Oriente (Barrio Centenario)','-2.22171','-79.8909',1,NULL,1,NULL,NULL,NULL,1,1,1,1,1,NULL,'AC'),(156,4,'Centenario 2',NULL,'Arguelles Y Oriente (Barrio Centenario)','-2.22172','-79.8909',1,NULL,1,NULL,NULL,NULL,1,1,1,1,1,NULL,'AC'),(157,4,'City Mall 1',NULL,'Av.Felipe Del Pezo S/N Av. Benjamín Carrión','-2.14004','-79.90833',1,NULL,1,NULL,NULL,NULL,1,1,1,1,1,NULL,'AC'),(158,4,'City Mall 2',NULL,'Av.Felipe Del Pezo S/N Av. Benjamín Carrión','-2.1400989','-79.908495',1,NULL,1,NULL,NULL,NULL,1,1,1,1,1,NULL,'AC'),(159,4,'Claro  Rio Centro Sur',NULL,'Av. 25 de Julio, centro comercial Rio Centro','-2.24201','-79.89497',1,NULL,1,NULL,NULL,NULL,1,1,1,1,1,NULL,'AC'),(160,4,'Claro 9 de Octubre 1',NULL,'Av 9 de Octubre 820 entre Rumichaca y Garcia Aviles','-79.88558','null',1,NULL,1,NULL,NULL,NULL,1,1,1,1,1,NULL,'AC'),(161,4,'Claro 9 de Octubre 2',NULL,'Av 9 de Octubre 820 entre Rumichaca y Garcia Aviles','-2.19034','-79.88558',1,NULL,1,NULL,NULL,NULL,1,1,1,1,1,NULL,'AC'),(162,4,'Claro 9 Octubre 3',NULL,'Avenida 9 De Octubre 486 Y Chile','-2.19163','-79.88212',1,NULL,1,NULL,NULL,NULL,1,1,1,1,1,NULL,'AC'),(163,4,'Claro Av Machala',NULL,'Machala 912 Entre 9 De Octubre','-2.18901','-79.88991',1,NULL,1,NULL,NULL,NULL,1,1,1,1,1,NULL,'AC'),(164,4,'Claro California',NULL,'Cc Parque California 2 Km 12','-2.095266','-79.948978',1,NULL,1,NULL,NULL,NULL,1,1,1,1,1,NULL,'AC'),(165,4,'Claro California 2',NULL,'Km. 12 Vía Daule Cc Parque California 2 Local 22','-2.1005777','-79.936827',1,NULL,1,NULL,NULL,NULL,1,1,1,1,1,NULL,'AC'),(166,4,'Claro City Mall',NULL,'Av.Felipe Del Pezo S/N Av. Benjamín Carrión Local Número 7 Planta Baja','-2.1401343','-79.908601',1,NULL,1,NULL,NULL,NULL,1,1,1,1,1,NULL,'AC'),(167,4,'Claro City Mall 2',NULL,'Cc.City Mall','-2.14026','-79.90902',1,NULL,1,NULL,NULL,NULL,1,1,1,1,1,NULL,'AC'),(168,4,'Claro Ecutel 2',NULL,'Pedro Carbo Y Luque','-2.19307','-79.88168',1,NULL,1,NULL,NULL,NULL,1,1,1,1,1,NULL,'AC'),(169,4,'Claro Garzota',NULL,'C.C. Garzocentro Local 109.( Av. Agustín Freire)','-2.144839','-79.894517',1,NULL,1,NULL,NULL,NULL,1,1,1,1,1,NULL,'AC'),(170,4,'Claro Mall Sol 3',NULL,'Av. Juan Tanca Marengo Y Av. Constitución. Mall Del Sol Local 111 Al 114 Planta Baja.','-2.156774','-79.893288',1,NULL,1,NULL,NULL,NULL,1,1,1,1,1,NULL,'AC'),(171,4,'Claro Mall Sur 3',NULL,'Av 25 De Julio Y José De La Cuadra. Cc Mall Del Sur Locales 21- 22','-2.229995','-79.898248',1,NULL,1,NULL,NULL,NULL,1,1,1,1,1,NULL,'AC'),(172,4,'Claro Mall Sur 4',NULL,'Av 25 De Julio Y José De La Cuadra. Cc Mall Del Sur Locales 21- 22','-2.2300427','-79.898312',1,NULL,1,NULL,NULL,NULL,1,1,1,1,1,NULL,'AC'),(173,4,'Claro Paseo Via Daule',NULL,'Km. 9 1/2 Vía Daule. Frente Al Fuerte Militar Huancavilca. Locales 14 Al 17.','-2.1155336','-79.933291',1,NULL,1,NULL,NULL,NULL,1,1,1,1,1,NULL,'AC'),(174,4,'Claro Rio Centro Sur 2',NULL,'Av. 25 De Julio S/N.','-2.23855','-79.89578',1,NULL,1,NULL,NULL,NULL,1,1,1,1,1,NULL,'AC'),(175,4,'Claro Term.Terrest.1',NULL,'C.C Terminal Terrestre Av. Las Américas Y Av. Benjaín Rosales Aspiazu. 2Do Piso Planta Alta. Local 216 Al 218.','-2.143627','-79.879356',1,NULL,1,NULL,NULL,NULL,1,1,1,1,1,NULL,'AC'),(176,4,'Claro Urdesa',NULL,'Victor Emilio Estrada 406 Y Todos Los Santos','-2.173188','-79.90699',1,NULL,1,NULL,NULL,NULL,1,1,1,1,1,NULL,'AC'),(177,4,'Club De Tropa ',NULL,'Terminal Terrestre De Guayaquil Club De Tropa De La Cte','-2.14477','-79.87951',1,NULL,1,NULL,NULL,NULL,1,1,1,1,1,NULL,'AC'),(178,4,'Colonial',NULL,'Rocafuerte E Imbabura','-2.18758','-79.8793',1,NULL,1,NULL,NULL,NULL,1,1,1,1,1,NULL,'AC'),(179,4,'Comandato',NULL,'9 De Octubre Y García Avilés','-2.19073','-79.8854',1,NULL,1,NULL,NULL,NULL,1,1,1,1,1,NULL,'AC'),(180,4,'Consulado Eua',NULL,'9 Octubre Entre José De Antepara Y G. Moreno','-2.18891','-79.8912',1,NULL,1,NULL,NULL,NULL,1,1,1,1,1,NULL,'AC'),(181,4,'Coral Centro',NULL,'Av. Carlos Julio Arosemena. Km. 1.5','-2.18285','-79.9013',1,NULL,1,NULL,NULL,NULL,1,1,1,1,1,NULL,'AC'),(182,4,'Cruz Azul 25 De Julio',NULL,'Cdla. 9 De Octubre','-2.23256','-79.89675',1,NULL,1,NULL,NULL,NULL,1,1,1,1,1,NULL,'AC'),(183,4,'Cruz Azul 4 De Noviembre',NULL,'4 De Noviembre Y Leonidas Plaza','-2.21011','-79.9081',1,NULL,1,NULL,NULL,NULL,1,1,1,1,1,NULL,'AC'),(184,4,'Cruz Azul Alborada',NULL,'Av. Guillermo Pareja Y Benjamín Carrión','-2.13473','-79.9015',1,NULL,1,NULL,NULL,NULL,1,1,1,1,1,NULL,'AC'),(185,4,'Cruz Azul Cayetano',NULL,'Av. Cayetano Tarruel. Coop. Jaime Roldós A.','-2.14897','-79.9206',1,NULL,1,NULL,NULL,NULL,1,1,1,1,1,NULL,'AC'),(186,4,'Cruz Azul Gomez Rendón',NULL,'Gomez Rendón 2836 Y Guerrero Martinez','-2.19941','-79.9057',1,NULL,1,NULL,NULL,NULL,1,1,1,1,1,NULL,'AC'),(187,4,'Cruz Azul La 29',NULL,'La 29 Y García Goyena','-2.20251','-79.9265',1,NULL,1,NULL,NULL,NULL,1,1,1,1,1,NULL,'AC'),(188,4,'Cruz Azul Lisboa',NULL,'Gomez Rendón Y Lorenzo De Garaicoa','-2.20369','-79.8889',1,NULL,1,NULL,NULL,NULL,1,1,1,1,1,NULL,'AC'),(189,4,'Cruz Azul Martha Roldos',NULL,'Cdla.Martha Roldos Mz: 417 V','-2.27595','-79.48839',1,NULL,1,NULL,NULL,NULL,1,1,1,1,1,NULL,'AC'),(190,4,'Cruz Azul Sauces 2',NULL,'Av. Antonio Parra Velasco. Sauces Ii. Mz. 108. Villa 7','-2.13852','-79.8876',1,NULL,1,NULL,NULL,NULL,1,1,1,1,1,NULL,'AC'),(192,4,'Ecuafarmacia',NULL,'Chimborazo Y Azuay','-2.21534','-79.8892',1,NULL,1,NULL,NULL,NULL,1,1,1,1,1,NULL,'AC'),(193,4,'Ecuavisa Cerro Del Carmen',NULL,'Cerro Del Carmen. Instalaciones De Ecuavisa','-2.17957','-79.8816',1,NULL,1,NULL,NULL,NULL,1,1,1,1,1,NULL,'AC'),(194,4,'El Universo',NULL,'Av. Domingo Comín Y Ernesto Albán','-2.23324','-79.8901',1,NULL,1,NULL,NULL,NULL,1,1,1,1,1,NULL,'AC'),(195,4,'Espol Las Peñas',NULL,'Malecòn Y Loja','-2.18467','-79.8767',1,NULL,1,NULL,NULL,NULL,1,1,1,1,1,NULL,'AC'),(196,4,'Facso',NULL,'Av. Kennedy Intersección. Av. D','-2.16556','-79.9081',1,NULL,1,NULL,NULL,NULL,1,1,1,1,1,NULL,'AC'),(197,4,'Farmacia Carmita',NULL,'Portete Y La 29','-2.19951','-79.9261',1,NULL,1,NULL,NULL,NULL,1,1,1,1,1,NULL,'AC'),(198,4,'Finansur 1',NULL,'9 De Octubre 1911 Y Los Ríos','-2.18766','-79.8936',1,NULL,1,NULL,NULL,NULL,1,1,1,1,1,NULL,'AC'),(199,4,'Finansur 2',NULL,'9 De Octubre 1911 Y Los Ríos','-2.18765','-79.8936',1,NULL,1,NULL,NULL,NULL,1,1,1,1,1,NULL,'AC'),(200,4,'Garzocentro',NULL,'Agustin Freire Y G.P. Rolando','-2.1444627','-79.894309',1,NULL,1,NULL,NULL,NULL,1,1,1,1,1,NULL,'AC'),(201,4,'Gasolinera Petrocentro',NULL,'Av. Machala Y Manuel Galecio','-2.18553','-79.8883',1,NULL,1,NULL,NULL,NULL,1,1,1,1,1,NULL,'AC'),(202,4,'Gasolinera Primax',NULL,'Gomez Rendón Y Tungurahua','-2.20091','-79.9004',1,NULL,1,NULL,NULL,NULL,1,1,1,1,1,NULL,'AC'),(203,4,'Gasolinera Vergeles',NULL,'Av. Francisco De Orellana. Frente A Entrada A Vergeles','-2.09927','-79.911',1,NULL,1,NULL,NULL,NULL,1,1,1,1,1,NULL,'AC'),(204,4,'Gasolinera Villagomez',NULL,'Argentina Y Calle 16','-2.20106','-79.9148',1,NULL,1,NULL,NULL,NULL,1,1,1,1,1,NULL,'AC'),(205,4,'Hilton Colon',NULL,'Kennedy Norte. Av. Francisco De Orellana','-2.15923','-79.8984',1,NULL,1,NULL,NULL,NULL,1,1,1,1,1,NULL,'AC'),(206,4,'Hipermarket Alban Borja',NULL,'Av. Carlos Julio Arosemena Km. 2.5 Vía Daule','-2.169724','-79.916646',1,NULL,1,NULL,NULL,NULL,1,1,1,1,1,NULL,'AC'),(207,4,'Hospital Alejandro Mann',NULL,'Roberto Gilbert Y Nicasio Safadi','-2.1749','-79.8833',1,NULL,1,NULL,NULL,NULL,1,1,1,1,1,NULL,'AC'),(208,4,'Hospital Del Iess',NULL,'Av. 25 De Julio. Hospital Del Iess','-2.23203','-79.8985',1,NULL,1,NULL,NULL,NULL,1,1,1,1,1,NULL,'AC'),(209,4,'Hospital Luis Vernaza',NULL,'Juliàn Coronel Y Escobedo','-2.18218','-79.8813',1,NULL,1,NULL,NULL,NULL,1,1,1,1,1,NULL,'AC'),(210,4,'Hospital Universitario',NULL,'Av.Perimetral. Km. 11','-2.09649','-79.94617',1,NULL,1,NULL,NULL,NULL,1,1,1,1,1,NULL,'AC'),(211,4,'Hypermarket Norte',NULL,'Av Francisco De Orellana. Centro Comercial Hipermarket Nore','-2.12715','-79.9068',1,NULL,1,NULL,NULL,NULL,1,1,1,1,1,NULL,'AC'),(212,4,'Induauto',NULL,'Km. 4 Vía A Daule','-2.1547','-79.93',1,NULL,1,NULL,NULL,NULL,1,1,1,1,1,NULL,'AC'),(213,4,'La Bahia',NULL,'Chille 1126 Y Av.Olmedo','-2.19838','-79.8839',1,NULL,1,NULL,NULL,NULL,1,1,1,1,1,NULL,'AC'),(214,4,'La Góndola',NULL,'Eloy Alfaro 343 Y Olmedo','-2.20017','-79.8831',1,NULL,1,NULL,NULL,NULL,1,1,1,1,1,NULL,'AC'),(215,4,'La Rotonda',NULL,'C.C.La Rotonda. Av. Josè Ma. Egas','-2.13932','-79.9079',1,NULL,1,NULL,NULL,NULL,1,1,1,1,1,NULL,'AC'),(216,4,'La Universal',NULL,'Eloy Alfaro Y Gomez Rendón. Esquina','-2.20517','-79.8843',1,NULL,1,NULL,NULL,NULL,1,1,1,1,1,NULL,'AC'),(217,4,'Malecón 1',NULL,'Malecón Y Colòn. C.C. Malecón 2000','-2.19845','-79.881',1,NULL,1,NULL,NULL,NULL,1,1,1,1,1,NULL,'AC'),(218,4,'Malecón 2',NULL,'Malecón Y Colòn. C.C. Malecón 2000','-2.1984','-79.881',1,NULL,1,NULL,NULL,NULL,1,1,1,1,1,NULL,'AC'),(219,4,'Malecón 3',NULL,'Malecón Y Colòn. C.C. Malecón 2000','-2.19844','-79.881',1,NULL,1,NULL,NULL,NULL,1,1,1,1,1,NULL,'AC'),(220,4,'Malecón Imax',NULL,'Patio De Comidas La Proa','-2.18554','-79.8764',1,NULL,1,NULL,NULL,NULL,1,1,1,1,1,NULL,'AC'),(221,4,'Malecón Patio De Comidas',NULL,'Malecón Del Salado. Patio De Comidas Norte','-2.187','-79.8974',1,NULL,1,NULL,NULL,NULL,1,1,1,1,1,NULL,'AC'),(222,4,'Mall De Sol 3',NULL,'J.T.Marengo Y Constituciòn. Cc Mall Del Sol','-2.15525','-79.8931',1,NULL,1,NULL,NULL,NULL,1,1,1,1,1,NULL,'AC'),(223,4,'Mall Del Sol 1',NULL,'J.T.Marengo Y Constituciòn. Cc Mall Del Sol','-2.15548','-79.8931',1,NULL,1,NULL,NULL,NULL,1,1,1,1,1,NULL,'AC'),(224,4,'Mall Del Sol 2',NULL,'J.T.Marengo Y Constituciòn. Cc Mall Del Sol','-2.15538','-79.8932',1,NULL,1,NULL,NULL,NULL,1,1,1,1,1,NULL,'AC'),(225,4,'Mall Del Sol Patio',NULL,'J.T.Marengo Y Constituciòn. Cc Mall Del Sol','-2.15536','-79.893',1,NULL,1,NULL,NULL,NULL,1,1,1,1,1,NULL,'AC'),(226,4,'Mall Del Sur 1',NULL,'Av. 25 De Julio  Y Av. Ernesto Albàn. C.C. Mall Del Sur','-2.22986','-79.8982',1,NULL,1,NULL,NULL,NULL,1,1,1,1,1,NULL,'AC'),(227,4,'Mall Del Sur 2',NULL,'Av. 25 De Julio  Y Av. Ernesto Albàn. C.C. Mall Del Sur','-2.22994','-79.8982',1,NULL,1,NULL,NULL,NULL,1,1,1,1,1,NULL,'AC'),(228,4,'Mall Del Sur 5',NULL,'Av. 25 De Julio  Y Av. Ernesto Albàn. C.C. Mall Del Sur','-2.22989','-79.8981',1,NULL,1,NULL,NULL,NULL,1,1,1,1,1,NULL,'AC'),(229,4,'Mall Del Sur 6',NULL,'Av. 25 De Julio  Y Av. Ernesto Albàn. C.C. Mall Del Sur','-2.22982','-79.8981',1,NULL,1,NULL,NULL,NULL,1,1,1,1,1,NULL,'AC'),(230,4,'Mall Del Sur Megamaxi',NULL,'Av. 25 De Julio  Y Av. Ernesto Albàn. C.C. Mall Del Sur','-2.22972','-79.8985',1,NULL,1,NULL,NULL,NULL,1,1,1,1,1,NULL,'AC'),(231,4,'Mall Del Sur Patio',NULL,'Av. 25 De Julio  Y Av. Ernesto Albàn. C.C. Mall Del Sur','-2.2296','-79.8982',1,NULL,1,NULL,NULL,NULL,1,1,1,1,1,NULL,'AC'),(232,4,'Mall Sur7 Mega 2',NULL,'Av. Cayetano Tarruel. Coop. Jaime Roldós A.','-2.22974','-79.8985',1,NULL,1,NULL,NULL,NULL,1,1,1,1,1,NULL,'AC'),(233,4,'Maternidad Antonio Sotomayor',NULL,'Pedro Pablo Gomez Y 6 De Marzo','-2.19759','-79.8895',1,NULL,1,NULL,NULL,NULL,1,1,1,1,1,NULL,'AC'),(234,4,'Matriz 2',NULL,'P. Icaza 105 Y Pichincha ','-2.19133','-79.88',1,NULL,1,NULL,NULL,NULL,1,1,1,1,1,NULL,'AC'),(235,4,'Matriz 3',NULL,'P. Icaza 105 Y Pichincha ','-2.19137','-79.88',1,NULL,1,NULL,NULL,NULL,1,1,1,1,1,NULL,'AC'),(236,4,'Matriz 4',NULL,'P. Icaza 105 Y Pichincha ','-2.19135','-79.88',1,NULL,1,NULL,NULL,NULL,1,1,1,1,1,NULL,'AC'),(237,4,'Matriz 5',NULL,'P. Icaza 105 Y Pichincha ','-2.19136','-79.88',1,NULL,1,NULL,NULL,NULL,1,1,1,1,1,NULL,'AC'),(238,4,'Matriz 6',NULL,'P. Icaza 105 Y Pichincha ','-2.19134','-79.88',1,NULL,1,NULL,NULL,NULL,1,1,1,1,1,NULL,'AC'),(239,4,'Matriz 7',NULL,'P. Icaza 105 Y Pichincha ','-2.19136','-79.88',1,NULL,1,NULL,NULL,NULL,1,1,1,1,1,NULL,'AC'),(240,4,'Matriz 8',NULL,'P. Icaza 105 Y Pichincha ','-2.1914','-79.88',1,NULL,1,NULL,NULL,NULL,1,1,1,1,1,NULL,'AC'),(241,4,'Matriz Ecuatel',NULL,'Pedro Carbo Y Luque','-2.192997','-79.881508',1,NULL,1,NULL,NULL,NULL,1,1,1,1,1,NULL,'AC'),(242,4,'Megamaxi Ceibos',NULL,'Av. Del Bombero. Frente Al Rio Centro','-2.17382','-79.9401',1,NULL,1,NULL,NULL,NULL,1,1,1,1,1,NULL,'AC'),(243,4,'Metrovía Caja Del Iess',NULL,'Olmedo Y Boyacá','-2.19777','-79.8852',1,NULL,1,NULL,NULL,NULL,1,1,1,1,1,NULL,'AC'),(244,4,'Metrovía Norte',NULL,'Av. Benjamìn Rosales. Frente A Terminal Terrestre','-2.14131','-79.8789',1,NULL,1,NULL,NULL,NULL,1,1,1,1,1,NULL,'AC'),(245,4,'Mi Comisariato Alborada',NULL,'Av. Rodolfo Baquerizo Nazur Y José María Roura','-2.140332','-79.894562',1,NULL,1,NULL,NULL,NULL,1,1,1,1,1,NULL,'AC'),(246,4,'Mi Comisariato Ceibos',NULL,'Km 4.5 Via A Daule','-2.17654365','-79.943648',1,NULL,1,NULL,NULL,NULL,1,1,1,1,1,NULL,'AC'),(247,4,'Mi Comisariato Centenario',NULL,'Bogotá Y Rosendo Avilés','-2.21836','-79.89352',1,NULL,1,NULL,NULL,NULL,1,1,1,1,1,NULL,'AC'),(248,4,'Mi Comisariato Domingo Comin',NULL,'Av. Domingo Comín Entre Calle G Y La H','-2.226953','-79.889703',1,NULL,1,NULL,NULL,NULL,1,1,1,1,1,NULL,'AC'),(249,4,'Mi Comisariato Eloy Alfaro',NULL,'Eloy Alfaro Y Francisco De Marcos','-2.206762','-79.885178',1,NULL,1,NULL,NULL,NULL,1,1,1,1,1,NULL,'AC'),(250,4,'Mi Comisariato Fenix',NULL,'Gomez Rendon Y Avenida Quito','-2.202449','-79.893211',1,NULL,1,NULL,NULL,NULL,1,1,1,1,1,NULL,'AC'),(251,4,'Mi Comisariato Garzota',NULL,'Av. De Las Américas E Isidro Ayora','-2.1444732','-79.885154',1,NULL,1,NULL,NULL,NULL,1,1,1,1,1,NULL,'AC'),(252,4,'Mi Comisariato Plaza Quil',NULL,'Av. Carlos Luis Plaza Dañín. C.C. Plaza Quil','-2.169354','-79.899217',1,NULL,1,NULL,NULL,NULL,1,1,1,1,1,NULL,'AC'),(253,4,'Mini Av. De Las Americas',NULL,'Av. De Las Américas','-2.18194','-79.89119',1,NULL,1,NULL,NULL,NULL,1,1,1,1,1,NULL,'AC'),(254,4,'Mini Comisariato Av. Ejercito',NULL,'Avenida Del Ejercito Y Clemente Ballen','-2.192173','-79.893166',1,NULL,1,NULL,NULL,NULL,1,1,1,1,1,NULL,'AC'),(255,4,'Mini Comisariato Guasmo',NULL,'Coop. Unión de Bananeros, Abdón Calderón y Raúl Clemente Huerta','-2.26415','-79.88139',1,NULL,1,NULL,NULL,NULL,1,1,1,1,1,NULL,'AC'),(256,4,'Mini Comisariato Mapasingue',NULL,'Mapasingue Calle Primera Este','-2.15946','-79.92811',1,NULL,1,NULL,NULL,NULL,1,1,1,1,1,NULL,'AC'),(257,4,'Mini Comisariato O Connor',NULL,'La 29 Y O Connor','-2.21214','-79.93246',1,NULL,1,NULL,NULL,NULL,1,1,1,1,1,NULL,'AC'),(258,4,'Mini Comisariato Pascuales',NULL,'Av. Principal De Pascuales','-2.06821','-79.93059',1,NULL,1,NULL,NULL,NULL,1,1,1,1,1,NULL,'AC'),(259,4,'Mini Portete',NULL,'Portete Y La 16','-2.201405','-79.90788',1,NULL,1,NULL,NULL,NULL,1,1,1,1,1,NULL,'AC'),(260,4,'Móbil Beneficiencia',NULL,'Av. De Las Américas Y Presidente Jaime Roldos','-2.14556','-79.8858',1,NULL,1,NULL,NULL,NULL,1,1,1,1,1,NULL,'AC'),(261,4,'Mobil Carlos Julio Arosemena',NULL,'Av. Carlos Julio Arosemena, Km. 3','-2.16403','null',1,NULL,1,NULL,NULL,NULL,1,1,1,1,1,NULL,'AC'),(262,4,'Mobil Carlos Julio Arosemena',NULL,'Av. Carlos Julio Arosemena, Km. 3','-79.92368','-2.16403',1,NULL,1,NULL,NULL,NULL,1,1,1,1,1,NULL,'AC'),(263,4,'Móbil Ceibos',NULL,'Av. De Los Bomberos. Frente A Super Mil','-2.1715','-79.9383',1,NULL,1,NULL,NULL,NULL,1,1,1,1,1,NULL,'AC'),(264,4,'Móbil Centenario',NULL,'Chile Y Azuay','-2.21593','-79.8883',1,NULL,1,NULL,NULL,NULL,1,1,1,1,1,NULL,'AC'),(265,4,'Móbil Córdova',NULL,'Córdova Y Loja','-2.18499','-79.8796',1,NULL,1,NULL,NULL,NULL,1,1,1,1,1,NULL,'AC'),(266,4,'Móbil Ecológico',NULL,'Av. Juan T. Marengo. Diagonal A Coca Cola. Km. ','-2.14619','-79.9152',1,NULL,1,NULL,NULL,NULL,1,1,1,1,1,NULL,'AC'),(267,4,'Móbil Fae 1',NULL,'Av. Pedro Menèndez. Junto A Liceo Naval','-2.16349','-79.8804',1,NULL,1,NULL,NULL,NULL,1,1,1,1,1,NULL,'AC'),(268,4,'Móbil Fae 2',NULL,'Av. Pedro Menèndez. Diagonal A Liceo Naval','-2.1636','-79.8804',1,NULL,1,NULL,NULL,NULL,1,1,1,1,1,NULL,'AC'),(269,4,'Móbil Garzota',NULL,'Cdla. Garzota. Av. Guillermo Pareja Entre 32 Y 38','-2.14808','-79.8923',1,NULL,1,NULL,NULL,NULL,1,1,1,1,1,NULL,'AC'),(270,4,'Móbil Kennedy',NULL,'Av. Fco. De Orellana. Junto Al World Trade Center','-2.1646','-79.8968',1,NULL,1,NULL,NULL,NULL,1,1,1,1,1,NULL,'AC'),(271,4,'Móbil Pegaso',NULL,'Av. Juan T. Marengo. Km. 0.50','-2.14716','-79.9055',1,NULL,1,NULL,NULL,NULL,1,1,1,1,1,NULL,'AC'),(272,4,'Móbil Portete',NULL,'Portete Y Malecón Del Salado','-2.19647','-79.9354',1,NULL,1,NULL,NULL,NULL,1,1,1,1,1,NULL,'AC'),(273,4,'Móbil Pradera',NULL,'Cdla. Pradera. Av. Domingo Comín Y Calle 11','-2.23708','-79.8913',1,NULL,1,NULL,NULL,NULL,1,1,1,1,1,NULL,'AC'),(274,4,'Móbil Puerto Azul',NULL,'Ciudadela Puerto Azul. Via Ala Costa','-2.18775','-79.96341',1,NULL,1,NULL,NULL,NULL,1,1,1,1,1,NULL,'AC'),(275,4,'Mobil Samanes',NULL,'Av. Francisco De Orellana','-2.11362','-79.90679',1,NULL,1,NULL,NULL,NULL,1,1,1,1,1,NULL,'AC'),(276,4,'Mucho Lote 1',NULL,'Avenida Isidro Ayora','-2.086','-79.9237',1,NULL,1,NULL,NULL,NULL,1,1,1,1,1,NULL,'AC'),(277,4,'Mucho Lote 2',NULL,'Avenida Isidro Ayora','-2.0871','-79.9248',1,NULL,1,NULL,NULL,NULL,1,1,1,1,1,NULL,'AC'),(278,4,'Mucho Lote 3',NULL,'Avenida Isidro Ayora','-2.0868','-79.925',1,NULL,1,NULL,NULL,NULL,1,1,1,1,1,NULL,'AC'),(279,4,'Municipio De Guayaquil',NULL,'Malecòn Y 10 De Agosto (Pasaje Arosemena)','-2.19538','-79.8808',1,NULL,1,NULL,NULL,NULL,1,1,1,1,1,NULL,'AC'),(280,4,'Pepsi',NULL,'Vía A Daule. Km. 9.50','-2.12109','-79.9325',1,NULL,1,NULL,NULL,NULL,1,1,1,1,1,NULL,'AC'),(281,4,'Petro 25 De Julio',NULL,'Av. 25 De Julio. Vía A Puerto Marítimo','-2.2635','-79.8979',1,NULL,1,NULL,NULL,NULL,1,1,1,1,1,NULL,'AC'),(282,4,'Pharmacy Urdesa',NULL,'V.Emilio.Estrada Y Las Monjas','-2.16954','-79.90966',1,NULL,1,NULL,NULL,NULL,1,1,1,1,1,NULL,'AC'),(283,4,'Pharmacys Centenario',NULL,'Chile Y El Oro','-2.21645','-79.8889',1,NULL,1,NULL,NULL,NULL,1,1,1,1,1,NULL,'AC'),(284,4,'Pharmacys Garzota',NULL,'Av. Guillermo Pareja. Frente A Móbil Garzota','-2.15132','-79.8929',1,NULL,1,NULL,NULL,NULL,1,1,1,1,1,NULL,'AC'),(285,4,'Pharmacys Kennedy',NULL,'Av. Del Periodista. Diagonal A Clínica Kannedy','-2.17272','-79.89849',1,NULL,1,NULL,NULL,NULL,1,1,1,1,1,NULL,'AC'),(286,4,'Pharmacys Orellana',NULL,'Kennedy Norte Mz 105','-2.16299','-79.89718',1,NULL,1,NULL,NULL,NULL,1,1,1,1,1,NULL,'AC'),(287,4,'Pharmacyz Puerto Azul',NULL,'Centro Comercial De Puerto Azul','-2.18787','-79.9672',1,NULL,1,NULL,NULL,NULL,1,1,1,1,1,NULL,'AC'),(288,4,'Piazza Ceibos 1',NULL,'Av. Del Bombero. Frente A Reice','-2.17645','-79.9418',1,NULL,1,NULL,NULL,NULL,1,1,1,1,1,NULL,'AC'),(289,4,'Piazza Ceibos 2',NULL,'Av. Del Bombero. Frente A Reice','-2.17643','-79.9418',1,NULL,1,NULL,NULL,NULL,1,1,1,1,1,NULL,'AC'),(290,4,'Plaza 9',NULL,'Km 8.5 Vía A Daule','-2.126','-79.93165',1,NULL,1,NULL,NULL,NULL,1,1,1,1,1,NULL,'AC'),(291,4,'Policentro 1',NULL,'C.C. Policentro. Local 86','-2.17063','-79.9002',1,NULL,1,NULL,NULL,NULL,1,1,1,1,1,NULL,'AC'),(292,4,'Policentro 2',NULL,'C.C. Policentro. Local 86','-2.17048','-79.9002',1,NULL,1,NULL,NULL,NULL,1,1,1,1,1,NULL,'AC'),(293,4,'Porta 9 De Octubre 1',NULL,'9 De Octubre 426 Y Chile','-2.19163','-79.88212',1,NULL,1,NULL,NULL,NULL,1,1,1,1,1,NULL,'AC'),(294,4,'Porta 9 De Octubre 2',NULL,'9 De Octubre 426 Y Chile','-2.191723','-79.882231',1,NULL,1,NULL,NULL,NULL,1,1,1,1,1,NULL,'AC'),(295,4,'Porta Alborada',NULL,'Av. Rodolfo Baquerizo Nazur. Mz. ','-2.1279097','-79.906267',1,NULL,1,NULL,NULL,NULL,1,1,1,1,1,NULL,'AC'),(296,4,'Porta Alborada',NULL,'Av. Rodolfo Baquerizo Nazur. Mz. ','-2.136673','-79.900685',1,NULL,1,NULL,NULL,NULL,1,1,1,1,1,NULL,'AC'),(297,4,'Porta Centrum',NULL,'Av. Fco. De Orellana Y Alberto','-2.164179','-79.896805',1,NULL,1,NULL,NULL,NULL,1,1,1,1,1,NULL,'AC'),(298,4,'Porta Mall Sol 1',NULL,'C.C. Mall Del Sol  Local B 111 Al 114 Planta Baja','-2.155288','-79.892957',1,NULL,1,NULL,NULL,NULL,1,1,1,1,1,NULL,'AC'),(299,4,'Porta Mall Sol 2',NULL,'C.C. Mall Del Sol  Local B 111 Al 114 Planta Baja','-2.155358','-79.892379',1,NULL,1,NULL,NULL,NULL,1,1,1,1,1,NULL,'AC'),(300,4,'Porta Mall Sur 1',NULL,'C.C. Comercial Mall Del Sur Local 21 22','-2.229833','-79.898256',1,NULL,1,NULL,NULL,NULL,1,1,1,1,1,NULL,'AC'),(301,4,'Porta Mall Sur 2',NULL,'C.C. Comercial Mall Del Sur Local 21 22','-2.229857','-79.898327',1,NULL,1,NULL,NULL,NULL,1,1,1,1,1,NULL,'AC'),(302,4,'Porta Policentro 1',NULL,'C.C. Policentro Locales  73. 74 Y 75','-2.170057','-79.900106',1,NULL,1,NULL,NULL,NULL,1,1,1,1,1,NULL,'AC'),(303,4,'Porta Policentro 2',NULL,'C.C. Policentro Locales  73. 74 Y 75','-2.170775','-79.9002',1,NULL,1,NULL,NULL,NULL,1,1,1,1,1,NULL,'AC'),(304,4,'Porta Rio Centro Ceibos',NULL,'Av. El Bombero. Via A La Costa Km. 6  Local 51 F','-2.162821','-79.931321',1,NULL,1,NULL,NULL,NULL,1,1,1,1,1,NULL,'AC'),(305,4,'Porta San Marino 2',NULL,'C. C Comercial San Marino Local 18-19','-2.169887','-79.8989502',1,NULL,1,NULL,NULL,NULL,1,1,1,1,1,NULL,'AC'),(306,4,'Portete 1',NULL,'Portete Entre La 29 Y La 30','-2.19901','-79.9265',1,NULL,1,NULL,NULL,NULL,1,1,1,1,1,NULL,'AC'),(307,4,'Portete 2',NULL,'Portete Entre La 29 Y La 30','-2.19899','-79.9266',1,NULL,1,NULL,NULL,NULL,1,1,1,1,1,NULL,'AC'),(308,4,'Portete 3',NULL,'Portete Entre La 29 Y La 30','-2.19899','-79.9266',1,NULL,1,NULL,NULL,NULL,1,1,1,1,1,NULL,'AC'),(309,4,'Posorja 1',NULL,'Centro Comercial Génesis. Diagonal A Transporte Posorja','-2.70054','-80.3092',1,NULL,1,NULL,NULL,NULL,1,1,1,1,1,NULL,'AC'),(310,4,'Posorja 2',NULL,'Centro Comercial Génesis. Diagonal A Transporte Posorja','-2.68944','-80.2985',1,NULL,1,NULL,NULL,NULL,1,1,1,1,1,NULL,'AC'),(311,4,'Puerto Marítimo',NULL,'Puerto Marítimo De Guayaquil. Av. 25 De Julio Y Cacique Tomalá','-2.27745','-79.8961',1,NULL,1,NULL,NULL,NULL,1,1,1,1,1,NULL,'AC'),(312,4,'Pys Los Rios',NULL,'Lor Rios 1301 Y Clemente Ballén','-2.19204','-79.8952',1,NULL,1,NULL,NULL,NULL,1,1,1,1,1,NULL,'AC'),(313,4,'Registro Civil Norte',NULL,'Av.Juan T. Marengo. Frente A Coca Cola','-2.14224','-79.9233',1,NULL,1,NULL,NULL,NULL,1,1,1,1,1,NULL,'AC'),(314,4,'Rio Centro Ceibos',NULL,'Av. Del Bombero','-2.176398','-79.943484',1,NULL,1,NULL,NULL,NULL,1,1,1,1,1,NULL,'AC'),(315,4,'Rio Centro Sur. Planta Baja 2',NULL,'Av. 25 De Julio.','-2.24205','-79.89464',1,NULL,1,NULL,NULL,NULL,1,1,1,1,1,NULL,'AC'),(316,4,'Riocentro Norte',NULL,'Av Francisco De Orellana','-2.1273','-79.90704',1,NULL,1,NULL,NULL,NULL,1,1,1,1,1,NULL,'AC'),(317,4,'Rocafuerte 1',NULL,'Rocafuerte Y Roca','-2.18831','-79.88',1,NULL,1,NULL,NULL,NULL,1,1,1,1,1,NULL,'AC'),(318,4,'Rocafuerte 2',NULL,'Rocafuerte Y Roca','-2.18832','-79.88',1,NULL,1,NULL,NULL,NULL,1,1,1,1,1,NULL,'AC'),(319,4,'Sala De Preembarque',NULL,'Av. De Las Amèricas. Aeropuerto J.J. De Olmedo','-2.14725','-79.88419',1,NULL,1,NULL,NULL,NULL,1,1,1,1,1,NULL,'AC'),(320,4,'Sala De Velación',NULL,'Av. Pedro Menèndez Y Av. Quito','-2.1817','-79.8898',1,NULL,1,NULL,NULL,NULL,1,1,1,1,1,NULL,'AC'),(321,4,'Samanes 1',NULL,'José Luis Tamayo E Isidro','-2.12087858','-79.900631',1,NULL,1,NULL,NULL,NULL,1,1,1,1,1,NULL,'AC'),(322,4,'Samanes 2',NULL,'José Luis Tamayo E Isidro','-2.120984','-79.900596',1,NULL,1,NULL,NULL,NULL,1,1,1,1,1,NULL,'AC'),(323,4,'San Eduardo 1',NULL,'Urb.San Eduardo 2 Mz 305 S19','-2.187289','-79.936118',1,NULL,1,NULL,NULL,NULL,1,1,1,1,1,NULL,'AC'),(324,4,'San Eduardo 2',NULL,'Urb.San Eduardo 2 Mz 305 S19','-2.187435','-79.936206',1,NULL,1,NULL,NULL,NULL,1,1,1,1,1,NULL,'AC'),(325,4,'San Marino 1',NULL,'C.C. San Marino. Local ','-2.1687','-79.8978',1,NULL,1,NULL,NULL,NULL,1,1,1,1,1,NULL,'AC'),(326,4,'San Marino 2',NULL,'C.C. San Marino. Local ','-2.1688','-79.8978',1,NULL,1,NULL,NULL,NULL,1,1,1,1,1,NULL,'AC'),(327,4,'Secomático La 11',NULL,'Portete Y La 11. Esquina','-2.20326','-79.9113',1,NULL,1,NULL,NULL,NULL,1,1,1,1,1,NULL,'AC'),(328,4,'Shoping Via Daule',NULL,'Km 9.5 Vía A Daule','-2.107','-79.93502',1,NULL,1,NULL,NULL,NULL,1,1,1,1,1,NULL,'AC'),(329,4,'Sumédica 9 De Octubre',NULL,'9 De Octubre Y Garcia Avilès','-2.19039','-79.8853',1,NULL,1,NULL,NULL,NULL,1,1,1,1,1,NULL,'AC'),(330,4,'Sumédica Alborada',NULL,'Av. Guillermo Pareja Y José Ma. Egas','-2.14528','-79.8944',1,NULL,1,NULL,NULL,NULL,1,1,1,1,1,NULL,'AC'),(331,4,'Sumédica Pichincha',NULL,'Pichincha Y Aguirre','-2.19401','-79.8814',1,NULL,1,NULL,NULL,NULL,1,1,1,1,1,NULL,'AC'),(332,4,'Sumédica Sauces 5',NULL,'Sauces V. Mz. 258. Villa 9. Josè Luis Tamayo Y Rodrigo Icaza Cornejo','-2.12057','-79.8898',1,NULL,1,NULL,NULL,NULL,1,1,1,1,1,NULL,'AC'),(333,4,'Sumédica Sur',NULL,'Av. 25 De Julio. Frente A Ciudadela Acacias','-2.22597','-79.898',1,NULL,1,NULL,NULL,NULL,1,1,1,1,1,NULL,'AC'),(334,4,'Supermaxi Albán Borja',NULL,'Carlos Julio Arosemena. C.C. Albán Borja','-2.16856','-79.9164',1,NULL,1,NULL,NULL,NULL,1,1,1,1,1,NULL,'AC'),(335,4,'Supermaxi California',NULL,'Km. 15.5 Vía A Daule','-2.10971','-79.9483',1,NULL,1,NULL,NULL,NULL,1,1,1,1,1,NULL,'AC'),(336,4,'Supermaxi Garzota',NULL,'Av. Agustín Freire Y Av. Guillermo Pareja','-2.14456','-79.8951',1,NULL,1,NULL,NULL,NULL,1,1,1,1,1,NULL,'AC'),(337,4,'Term.Terr.Gye 5',NULL,'Av. De Las Américas Y Presidente Jaime Roldos','-2.1434','-79.8791',1,NULL,1,NULL,NULL,NULL,1,1,1,1,1,NULL,'AC'),(338,4,'Terminal De Viveres',NULL,'Mercado De Transferencia De Víveres','-2.0892','-79.9436',1,NULL,1,NULL,NULL,NULL,1,1,1,1,1,NULL,'AC'),(339,4,'Terminal Terrestre 1',NULL,'Terminal Terrestre De Gye. Av. De Las Amèricas','-2.14361','-79.8793',1,NULL,1,NULL,NULL,NULL,1,1,1,1,1,NULL,'AC'),(340,4,'Terminal Terrestre 2',NULL,'Terminal Terrestre De Gye. Av. De Las Amèricas','-2.14347','-79.8792',1,NULL,1,NULL,NULL,NULL,1,1,1,1,1,NULL,'AC'),(341,4,'Terpel América',NULL,'Av. Américas Y Juan Tanca Marengo. Gasolinera Texaco','-2.1453','-79.8845',1,NULL,1,NULL,NULL,NULL,1,1,1,1,1,NULL,'AC'),(342,4,'Terpel Bellavista',NULL,'Av. Velasco Ibarra Y Av. Barcelona','-2.18835','-79.9127',1,NULL,1,NULL,NULL,NULL,1,1,1,1,1,NULL,'AC'),(343,4,'Terpel Domingo Comín',NULL,'Av. Domingo Comín Y Ernesto Albàn','-2.2298','-79.8906',1,NULL,1,NULL,NULL,NULL,1,1,1,1,1,NULL,'AC'),(344,4,'Terpel El Exito',NULL,'Aguirre Y Av. Del Ejercito','-2.1913','-79.893',1,NULL,1,NULL,NULL,NULL,1,1,1,1,1,NULL,'AC'),(345,4,'Terpel Garzota',NULL,'Av. Guillermo Pareja. Gasolinera Texaco','-2.15127','-79.8929',1,NULL,1,NULL,NULL,NULL,1,1,1,1,1,NULL,'AC'),(346,4,'Terpel Maioli',NULL,'Ayacucho Y La 9. Esquina','-2.19557','-79.8954',1,NULL,1,NULL,NULL,NULL,1,1,1,1,1,NULL,'AC'),(347,4,'Texaco Perimetral 1',NULL,'Av. Perimetral, entrada a Cdla. Florida','-2.1312','-79.94792',1,NULL,1,NULL,NULL,NULL,1,1,1,1,1,NULL,'AC'),(348,4,'Texaco Perimetral 2',NULL,'Av. Perimetral, entrada a Cdla. Florida','-2.13169','-79.94781',1,NULL,1,NULL,NULL,NULL,1,1,1,1,1,NULL,'AC'),(349,4,'Tia Mucho Lote Ii Urb. Mucho',NULL,'Tia Mucho Lote Ii Urb. Mucho','-2.08086','-79.92042',1,NULL,1,NULL,NULL,NULL,1,1,1,1,1,NULL,'AC'),(350,4,'Unicentro 1',NULL,'Aguirre Entre Chille Y Pedro Carbo','-2.1937','-79.8831',1,NULL,1,NULL,NULL,NULL,1,1,1,1,1,NULL,'AC'),(351,4,'Unicentro 2',NULL,'Aguirre Entre Chille Y Pedro Carbo','-2.19371','-79.8831',1,NULL,1,NULL,NULL,NULL,1,1,1,1,1,NULL,'AC'),(352,4,'Unicentro 3',NULL,'Aguirre Entre Pedro Carbo Y Pichincha','-2.19378','-79.8813',1,NULL,1,NULL,NULL,NULL,1,1,1,1,1,NULL,'AC'),(353,4,'Unicentro 4',NULL,'Aguirre Entre Pedro Carbo Y Pichincha','-2.19376','-79.8813',1,NULL,1,NULL,NULL,NULL,1,1,1,1,1,NULL,'AC'),(354,4,'Unicentro 5',NULL,'Aguirre Entre Chille Y Pedro Carbo','-2.19373','-79.8831',1,NULL,1,NULL,NULL,NULL,1,1,1,1,1,NULL,'AC'),(355,4,'Unicentro 6',NULL,'Aguirre Entre Pedro Carbo Y Pichincha','-2.19376','-79.8813',1,NULL,1,NULL,NULL,NULL,1,1,1,1,1,NULL,'AC'),(356,4,'Unilever',NULL,'Km 24 Vía A Daule','-2.03952','-79.94809',1,NULL,1,NULL,NULL,NULL,1,1,1,1,1,NULL,'AC'),(357,4,'Unilever Planta Antartida',NULL,'Km 22.5 Vía A Daule','-2.05374','-79.94427',1,NULL,1,NULL,NULL,NULL,1,1,1,1,1,NULL,'AC'),(358,4,'Univ.Industrial',NULL,'Av. Raul Gomez Lince','-2.14849','-79.913',1,NULL,1,NULL,NULL,NULL,1,1,1,1,1,NULL,'AC'),(359,4,'Universidad De Guayaquil 1',NULL,'Cdla. Universitaria Salvador Allende. Fac. Administraciòn','-2.18083','-79.8988',1,NULL,1,NULL,NULL,NULL,1,1,1,1,1,NULL,'AC'),(360,4,'Universidad De Guayaquil 2',NULL,'Cdla. Salvador Allende. Campus Cafè','-2.18122','-79.8979',1,NULL,1,NULL,NULL,NULL,1,1,1,1,1,NULL,'AC'),(361,4,'Universidad Espíritu Santo',NULL,'J.T.Marengo. Km. 2 Y','-2.16845','-79.9209',1,NULL,1,NULL,NULL,NULL,1,1,1,1,1,NULL,'AC'),(362,4,'Urdesa 1',NULL,'V.E. Estrada 409 Y Dátiles','-2.17159','-79.9079',1,NULL,1,NULL,NULL,NULL,1,1,1,1,1,NULL,'AC'),(363,4,'Urdesa 2',NULL,'V.E. Estrada 409 Y Dátiles','-2.17151','-79.908',1,NULL,1,NULL,NULL,NULL,1,1,1,1,1,NULL,'AC'),(364,2,'Urdesa, Víctor Emilio Estrada 203 y Circunvalación Norte','24 horas ','Urdesa, Víctor Emilio Estrada 203 y Circunvalación Norte','-2.175465','-79.904725',1,NULL,NULL,1,NULL,1,1,1,1,1,1,NULL,'AC'),(365,2,'Multicomercio,  Eloy Alfaro y Cuenca ','24 horas','Multicomercio,  Eloy Alfaro y Cuenca ','-2.203159','-79.884046',1,NULL,NULL,1,NULL,1,1,1,1,1,1,NULL,'AC'),(366,2,'Alborada,  Av. Francisco De Orellana 115 y Agustín Freire','24 horas ','Alborada,  Av. Francisco De Orellana 115 y Agustín Freire','-2.147404','-79.89975',1,NULL,NULL,1,NULL,1,1,1,1,1,1,NULL,'AC'),(367,2,'Centenario, Chimborazo 3310 y Azuay','24 horas ','Centenario, Chimborazo 3310 y Azuay','-2.215113','-79.889083',1,NULL,NULL,1,NULL,1,1,1,1,1,1,NULL,'AC'),(368,2,'C.C. Riocentro Los Ceibos, Planta Alta','10:00 am - 09:00 pm','C.C. Riocentro Los Ceibos, Planta Alta','-2.175832','-79.944098',1,NULL,NULL,1,NULL,1,1,1,1,1,1,NULL,'AC'),(369,2,'Mercado Central, 6 De Marzo 836 y Clemente Ballén','24 horas ','Mercado Central, 6 De Marzo 836 y Clemente Ballén','-2.19355','-79.887257',1,NULL,NULL,1,NULL,1,1,1,1,1,1,NULL,'AC'),(370,2,'C.C. California,  Km 12.5 Vía Daule','8:00 am - 11:00 pm','C.C. California,  Km 12.5 Vía Daule','-2.098622','-79.936398',1,NULL,NULL,1,NULL,1,1,1,1,1,1,NULL,'AC'),(371,2,'Terpel, Vía A La Costa Km 24','24 horas ','Terpel, Vía A La Costa Km 24','-2.191105','-80.045862',1,NULL,NULL,1,NULL,1,1,1,1,1,1,NULL,'AC'),(372,2,'Malecón  2000, Av. Colón diagonal a McDonald’s','8:00 am - 11:00 pm','Malecón  2000, Av. Colón diagonal a McDonald’s','-2.197648','-79.880775',1,NULL,NULL,1,NULL,1,1,1,1,1,1,NULL,'AC'),(373,2,'Mobil Km 11.5 Vía a Daule   ','24 horas ','Mobil Km 11.5 Vía a Daule   ','-2.091771','-79.936993',1,NULL,NULL,1,NULL,1,1,1,1,1,1,NULL,'AC'),(374,2,'Hospital Roberto Gilbert, Av. Democracia y Sufragio Libre,  Entrada Principa','24 horas ','Hospital Roberto Gilbert, Av. Democracia y Sufragio Libre,  Entrada Principa','-2.176497','-79.883437',1,NULL,NULL,1,NULL,1,1,1,1,1,1,NULL,'AC'),(375,2,'Hosp. Clínica Kennedy, Av. San Jorge y Calle  Novena Oeste','24 horas ','Hosp. Clínica Kennedy, Av. San Jorge y Calle  Novena Oeste','-2.17319','-79.89861',1,NULL,NULL,1,NULL,1,1,1,1,1,1,NULL,'AC'),(376,2,'Empresa Eléctrica del Ecuador, Garzota','9:00 am - 5:00 pm','Empresa Eléctrica del Ecuador, Garzota','-2.145902','-79.893313',1,NULL,NULL,1,NULL,1,1,1,1,1,1,NULL,'AC'),(377,2,'Av.  Domingo Comín y Av.  José Trujillo','24 horas ','Av.  Domingo Comín y Av.  José Trujillo','-2.226104','-79.889969',1,NULL,NULL,1,NULL,1,1,1,1,1,1,NULL,'AC'),(378,2,'C.C. San Marino, Subsuelo 1','10:00 am - 08:00 pm','C.C. San Marino, Subsuelo 1','-2.169654','-79.898557',1,NULL,NULL,1,NULL,1,1,1,1,1,1,NULL,'AC'),(379,2,'Mabe Vía Daule, Interior De La Empresa','','Mabe Vía Daule, Interior De La Empresa','-2.069002','-79.941679',1,NULL,NULL,1,NULL,1,1,1,1,1,1,NULL,'AC'),(380,2,'Unilever Pinguino, Interior De La Empresa, Vía A Daule','','Unilever Pinguino, Interior De La Empresa, Vía A Daule','-1.999738','-79.96662',1,NULL,NULL,1,NULL,1,1,1,1,1,1,NULL,'AC'),(381,2,'Matriz Centro Transaccional, Pedro Carbo 210 y Junín                ','24 horas ','Matriz Centro Transaccional, Pedro Carbo 210 y Junín                ','-2.18988','-79.88056',1,NULL,NULL,1,NULL,1,1,1,1,1,1,NULL,'AC'),(382,2,'Matriz Centro Transaccional, Pedro Carbo 210 y Junín                ','24 horas ','Matriz Centro Transaccional, Pedro Carbo 210 y Junín                ','-2.18988','-79.88056',1,NULL,NULL,1,NULL,1,1,1,1,1,1,NULL,'AC'),(383,2,'Primax 25 de Julio Of.','24 horas ','Av. 25 De Julio  Frente Al Mall Del Sur','-2.22946','-79.897379',1,NULL,NULL,1,NULL,1,1,1,1,1,1,NULL,'AC'),(384,2,'Alborada,  Av. Francisco De Orellana 115 y Agustín Freire','24 horas ','Alborada,  Av. Francisco De Orellana 115 y Agustín Freire','-2.14737','-79.899833',1,NULL,NULL,1,NULL,1,1,1,1,1,1,NULL,'AC'),(385,2,'Urdesa, Víctor Emilio Estrada 203 y Circunvalación Norte','24 horas ','Urdesa, Víctor Emilio Estrada 203 y Circunvalación Norte','-2.175465','-79.904725',1,NULL,NULL,1,NULL,1,1,1,1,1,1,NULL,'AC'),(386,2,'Universidad Católica, Km 1.5 De La Av. Carlos Julio Arosemena','06:00 am - 11:00 pm','Universidad Católica, Km 1.5 De La Av. Carlos Julio Arosemena','-2.182036','-79.902516',1,NULL,NULL,1,NULL,1,1,1,1,1,1,NULL,'AC'),(387,2,'C.C. Policentro, Local 63 Av. Del Periodista y Doctor Juan Bautista Arzube','10:00 am - 08:00 pm','Av.  Del Periodista y Doctor Juan Bautista Arzube','-2.171177','-79.900567',1,NULL,NULL,1,NULL,1,1,1,1,1,1,NULL,'AC'),(388,2,'Av. 9 de Octubre 2101 Entre Carchi y Tulcán','24 horas ','Av. 9 de Octubre 2101 Entre Carchi y Tulcán','-2.187499','-79.895266',1,NULL,NULL,1,NULL,1,1,1,1,1,1,NULL,'AC'),(389,2,'Posorja Nirsa, Interior De La Empresa, Av. Real y Jesús Del Gran Poder','24 horas ','Posorja Nirsa, Interior De La Empresa, Av. Real y Jesús Del Gran Poder','-2.706577','-80.243499',1,NULL,NULL,1,NULL,1,1,1,1,1,1,NULL,'AC'),(390,2,'Disensa Vía A La Costa, Calle José Rodrígez Bonín','','Disensa Vía A La Costa, Calle José Rodrígez Bonín','-2.189453','-80.015797',1,NULL,NULL,1,NULL,1,1,1,1,1,1,NULL,'AC'),(391,2,'C.C. La Rotonda, Av. Benjamín Carrión y Calle Eleodor  Avilés','10:00 am - 08:00 pm','C.C. La Rotonda, Av. Benjamín Carrión y Calle Eleodor  Avilés','-2.139319','-79.907995',1,NULL,NULL,1,NULL,1,1,1,1,1,1,NULL,'AC'),(392,2,'Chimborazo y 9 De Octubre','24 horas ','Chimborazo y 9 De Octubre','-2.191468','-79.88303',1,NULL,NULL,1,NULL,1,1,1,1,1,1,NULL,'AC'),(393,2,'Primax Kennedy Norte, Av. Francisco De Orellana y José Alvedra','24 horas ','Primax Kennedy Norte, Av. Francisco De Orellana y José Alvedra','-2.167523','-79.895844',1,NULL,NULL,1,NULL,1,1,1,1,1,1,NULL,'AC'),(394,2,'Primax Atarazana, Av. Luis Plaza Dañín y Elías Vicuña','24 horas ','Primax Atarazana, Av. Luis Plaza Dañín y Elías Vicuña','-2.17146','-79.890154',1,NULL,NULL,1,NULL,1,1,1,1,1,1,NULL,'AC'),(395,2,'C.C. Riocentro Sur, Dentro Del Hipermarket Av. 25 De Julio y Pío Jaramillo Alvarado','10:00 am - 09:00 pm','C.C. Riocentro Sur, Dentro Del Hipermarket Av. 25 De Julio y Pío Jaramillo Alvarado','-2.241638','-79.894834',1,NULL,NULL,1,NULL,1,1,1,1,1,1,NULL,'AC'),(396,2,'Malecón Del Salado, Plaza Rodolfo Baquerizo Moreno, Av. 9 De Octubre y Tungurahua','06:00 am - 12:00 am   ','Malecón Del Salado, Plaza Rodolfo Baquerizo Moreno, Av. 9 De Octubre y Tungurahua','-2.186303','-79.896037',1,NULL,NULL,1,NULL,1,1,1,1,1,1,NULL,'AC'),(397,2,'C.C. Riocentro Los Ceibos, Planta Baja, A Lado De Las Escaleras','10:00 am - 09:00 pm','C.C. Riocentro Los Ceibos, Planta Baja, A Lado De Las Escaleras','-2.175832','-79.944098',1,NULL,NULL,1,NULL,1,1,1,1,1,1,NULL,'AC'),(398,2,'123 Pycca, Escobedo, Entre Juan Montalvo y Piedrahita','24 horas ','123 Pycca, Escobedo, Entre Juan Montalvo y Piedrahita','-2.184474','-79.881714',1,NULL,NULL,1,NULL,1,1,1,1,1,1,NULL,'AC'),(399,2,'Hospital Solca, Av. Pedro Menéndez Gilbert','24 horas ','Hospital Solca, Av. Pedro Menéndez Gilbert','-2.173939','-79.879981',1,NULL,NULL,1,NULL,1,1,1,1,1,1,NULL,'AC'),(400,2,'Mall del Sur Of. ','24 horas ','C.C. Mall del Sur Av. 25 De Julio y Ernesto Albán','-2.229148','-79.898457',1,NULL,NULL,1,NULL,1,1,1,1,1,1,NULL,'AC'),(401,2,'Hipermarket  Av. Francisco De Orellana ','10:00 am - 09:00 pm','Hipermarket  Av. Francisco De Orellana ','-2.118975','-79.906135',1,NULL,NULL,1,NULL,1,1,1,1,1,1,NULL,'AC'),(402,2,'Urdesa, Av. Las Monjas y Circunvalación Sur','24 horas ','Urdesa, Av. Las Monjas y Circunvalación Sur','-2.171101','-79.911039',1,NULL,NULL,1,NULL,1,1,1,1,1,1,NULL,'AC'),(403,2,'Matriz,  Junín 200 y Panamá','08:30 am - 05:00 pm','Matriz,  Junín 200 y Panamá','-2.190047','-79.879864',1,NULL,NULL,1,NULL,1,1,1,1,1,1,NULL,'AC'),(404,2,'Posorja Fábrica Sálica','24 horas','Posorja Fábrica Sálica, Interior De La Empresa, Sector Guarillo Grande Posorja','-2.719507','-80.252525',1,NULL,NULL,1,NULL,1,1,1,1,1,1,NULL,'AC'),(405,2,'Hipermarket Mapasingue, Km. 4.5 Vía a Daule, junto al Teatro Centro de Arte','10:00 am - 09:00 pm','Hipermarket Mapasingue, Km. 4.5 Vía a Daule, junto al Teatro Centro de Arte','-2.159365','-79.927909',1,NULL,NULL,1,NULL,1,1,1,1,1,1,NULL,'AC'),(406,2,'C.C. Policentro, Local 63 Av. Del Periodista y Doctor Juan Bautista Arzube','10:00 am - 08:00 pm','C.C. Policentro, Local 63 Av. Del Periodista y Doctor Juan Bautista Arzube','-2.171177','-79.900567',1,NULL,NULL,1,NULL,1,1,1,1,1,1,NULL,'AC'),(407,2,'Hospital Roberto Gilbert, Av. Democracia y Sufragio Libre,  Exteriores','24 horas ','Hospital Roberto Gilbert, Av. Democracia y Sufragio Libre,  Exteriores','-2.176497','-79.883437',1,NULL,NULL,1,NULL,1,1,1,1,1,1,NULL,'AC'),(408,2,'Almacenes Tía, C.C. Garzocentro 2000, Agustín Freire y Guillermo Pareja ','24 horas ','Almacenes Tía, C.C. Garzocentro 2000, Agustín Freire y Guillermo Pareja ','-2.14397','-79.893336',1,NULL,NULL,1,NULL,1,1,1,1,1,1,NULL,'AC'),(409,2,'C.C. California,  Km 12.5 Vía Daule','8:00 am - 11:00 pm','C.C. California,  Km 12.5 Vía Daule','-2.098622','-79.936398',1,NULL,NULL,1,NULL,1,1,1,1,1,1,NULL,'AC'),(410,2,'Maternidad Enrique Sotomayor, Pedro Pablo Gómez y Pío Montúfar','24 horas ','Pedro Pablo Gómez y Pío Montúfar','-2.1972','-79.889343',1,NULL,NULL,1,NULL,1,1,1,1,1,1,NULL,'AC'),(411,2,'Las Peñas, Calle Numa Pompilio Llona 402         ','24 horas ','Malecón Simón Bolívar  y Calle Numa Pompilio Llona 402','-2.183656','-79.876279',1,NULL,NULL,1,NULL,1,1,1,1,1,1,NULL,'AC'),(412,2,'C.C. San Marino, Subsuelo 1','10:00 am - 08:00 pm','Av.  Francisco De Orellana y Av.  Plaza Dañín','-2.169654','-79.898557',1,NULL,NULL,1,NULL,1,1,1,1,1,1,NULL,'AC'),(413,2,'Almacenes Tía,  Av. Olmedo 125 y Chimborazo                ','24 horas ','Almacenes Tía,  Av. Olmedo 125 y Chimborazo                ','-2.199027','-79.883953',1,NULL,NULL,1,NULL,1,1,1,1,1,1,NULL,'AC'),(414,2,'Dromayor, Av. Ximena E25 y Alejo Lascano                ','24 horas ','Dromayor, Av. Ximena E25 y Alejo Lascano                ','-2.186439','-79.88382',1,NULL,NULL,1,NULL,1,1,1,1,1,1,NULL,'AC'),(415,2,'Hipermarket Albán Borja, Av. Carlos Julio Arosemena 402 Km 2.5     ','10:00 am - 09:00 pm','Hipermarket Albán Borja, Av. Carlos Julio Arosemena 402 Km 2.5     ','-2.170873','-79.916958',1,NULL,NULL,1,NULL,1,1,1,1,1,1,NULL,'AC'),(416,2,'Portete 4217 y Calle 17','24 horas ','Portete 4217 y Calle 17','-2.20372806','-79.90925527',1,NULL,NULL,1,NULL,1,1,1,1,1,1,NULL,'AC'),(417,2,'C.C. Riocentro Sur, A Lado De Los Ascensores Av. 25 De Julio y Pío Jaramillo Alvarado','10:00 am - 09:00 pm','C.C. Riocentro Sur, A Lado De Los Ascensores Av. 25 De Julio y Pío Jaramillo Alvarado','-2.240922','-79.895064',1,NULL,NULL,1,NULL,1,1,1,1,1,1,NULL,'AC'),(418,2,'Pharmacys Alborada, Av. Rodolfo Baquerizo Nazur y Demetrio Aguilera Malta','24 horas ','Av.  Rodolfo Baquerizo Nazur y Demetrio Aguilera Malta','-2.137053','-79.899903',1,NULL,NULL,1,NULL,1,1,1,1,1,1,NULL,'AC'),(419,2,'C.C. SAI – Baba, Av. Juan Tanca Marengo Km. 4.5 y P.J.  ','08:00 am - 09:00 pm','C.C. SAI – Baba, Av. Juan Tanca Marengo Km. 4.5 y P.J.  ','-2.145341','-79.914404',1,NULL,NULL,1,NULL,1,1,1,1,1,1,NULL,'AC'),(420,2,'Hipermarket Centro-Sur, Eloy Alfaro y Calicuchima             ','10:00 am - 09:00 pm','Hipermarket Centro-Sur, Eloy Alfaro y Calicuchima             ','-2.206429','-79.884787',1,NULL,NULL,1,NULL,1,1,1,1,1,1,NULL,'AC'),(421,2,'Cruz Azul, Cdla. Martha De Roldós Mz. 417 Solar 11','24 horas ','Cruz Azul, Cdla. Martha De Roldós Mz. 417 Solar 11','-2.145068','-79.922641',1,NULL,NULL,1,NULL,1,1,1,1,1,1,NULL,'AC'),(422,2,'Plaza Centenario, Víctor Manuel Rendón  y Lorenzo  De Garaycoa','24 horas','Plaza Centenario, Víctor Manuel Rendón  y Lorenzo  De Garaycoa','-2.188992','-79.887169',1,NULL,NULL,1,NULL,1,1,1,1,1,1,NULL,'AC'),(423,2,'C.C. Mall del Sur Av. 25 De Julio y Ernesto Albán','24 horas ','C.C. Mall del Sur Av. 25 De Julio y Ernesto Albán','-2.229148','-79.898457',1,NULL,NULL,1,NULL,1,1,1,1,1,1,NULL,'AC'),(424,2,'Supertía Alborada, José María Egas Miranda y Av. Rodolfo Baquerizo Nazur','24 horas ','Supertía Alborada, José María Egas Miranda y Av. Rodolfo Baquerizo Nazur','-2.13962','-79.89843',1,NULL,NULL,1,NULL,1,1,1,1,1,1,NULL,'AC'),(425,2,'Almacenes Tía Mapasingue, Av. Costanera y Av. Vehícular ','24 horas ','Almacenes Tía Mapasingue, Av. Costanera y Av. Vehícular ','-2.159176','-79.920719',1,NULL,NULL,1,NULL,1,1,1,1,1,1,NULL,'AC'),(426,2,'McDonalds Av. Francisco De Orellana y Calle Segunda','07:00 am - 01:00 am','McDonalds Av. Francisco De Orellana y Calle Segunda','-2.167766','-79.895958',1,NULL,NULL,1,NULL,1,1,1,1,1,1,NULL,'AC'),(427,2,'Aeropuerto, Av. De Las Américas - Salida Internacional ','24 horas ','Aeropuerto, Av. De Las Américas - Salida Internacional ','-2.159326','-79.885186',1,NULL,NULL,1,NULL,1,1,1,1,1,1,NULL,'AC'),(428,2,'Almacenes Tía, Cdla. Los Esteros, Av. Cayetano Tarruel y Dr. Tomás Aguirre  Mz. 39-A SL 60-61','24 horas ','Almacenes Tía, Cdla. Los Esteros, Av. Cayetano Tarruel y Dr. Tomás Aguirre  Mz. 39-A SL 60-61','-2.250699','-79.899345',1,NULL,NULL,1,NULL,1,1,1,1,1,1,NULL,'AC'),(429,2,'Farmacia Victoria, Calle 29 y Oriente','24 horas ','Farmacia Victoria, Calle 29 y Oriente','-2.211422','-79.931461',1,NULL,NULL,1,NULL,1,1,1,1,1,1,NULL,'AC'),(430,2,'Almacenes Tía Pascuales, Av. Montecristi y Calle Colimes','24 horas ','Almacenes Tía Pascuales, Av. Montecristi y Calle Colimes','-2.068694','-79.935396',1,NULL,NULL,1,NULL,1,1,1,1,1,1,NULL,'AC'),(431,2,'Alborada, Av. Rodolfo Baquerizo Nazur y Av. Gabriel Roldós Garcés','24 horas ','Alborada, Av. Rodolfo Baquerizo Nazur y Av. Gabriel Roldós Garcés','-2.133665','-79.903918',1,NULL,NULL,1,NULL,1,1,1,1,1,1,NULL,'AC'),(432,2,'Alborada, Av. Rodolfo Baquerizo Nazur y Av. Gabriel Roldós Garcés','24 horas ','Alborada, Av. Rodolfo Baquerizo Nazur y Av. Gabriel Roldós Garcés','-2.133648','-79.903948',1,NULL,NULL,1,NULL,1,1,1,1,1,1,NULL,'AC'),(433,2,'Metrovía Atarazana, Av. Pedro Menéndez Gilbert y Plaza Dañín','05:00 am - 11:00 am  ','Metrovía Atarazana, Av. Pedro Menéndez Gilbert y Plaza Dañín','-2.1707','-79.87952',1,NULL,NULL,1,NULL,1,1,1,1,1,1,NULL,'AC'),(434,2,'Metrovía La Providencia, Av. Chile y Brasil','05:00 am - 11:00 pm  ','Metrovía La Providencia, Av. Chile y Brasil','-2.203859','-79.88501',1,NULL,NULL,1,NULL,1,1,1,1,1,1,NULL,'AC'),(435,2,'Metrovía Plaza de Integración, Av. Eloy Alfaro y Febres Cordero','05:00 am - 11:00 pm  ','Metrovía Plaza de Integración, Av. Eloy Alfaro y Febres Cordero','-2.202657','-79.884077',1,NULL,NULL,1,NULL,1,1,1,1,1,1,NULL,'AC'),(436,2,'Terminal Metrovía Daule, Av. Benjamín Rosales frente al Terminal Terrestre','05:00 am - 11:00 pm  ','Terminal Metrovía Daule, Av. Benjamín Rosales frente al Terminal Terrestre','-2.141612','-79.884077',1,NULL,NULL,1,NULL,1,1,1,1,1,1,NULL,'AC'),(437,2,'Terminal Metrovía El Guasmo, Av. Raúl Clemente Huerta (Guasmo Sur)','05:00 am  - 11:00 pm  ','Terminal Metrovía El Guasmo, Av. Raúl Clemente Huerta (Guasmo Sur)','-2.261814','-79.873114',1,NULL,NULL,1,NULL,1,1,1,1,1,1,NULL,'AC'),(438,2,'C.C. Plaza los Ceibos, Av. Leopoldo Carrera','10:00 am - 09:00 pm','C.C. Plaza los Ceibos, Av. Leopoldo Carrera','-2.160019','-79.947564',1,NULL,NULL,1,NULL,1,1,1,1,1,1,NULL,'AC'),(439,2,'Guasmo Central,  Av. Abdón Calderón y Raúl Clemente Huerta  ','24 horas ','Guasmo Central,  Av. Abdón Calderón y Raúl Clemente Huerta  ','-2.26123','-79.878449',1,NULL,NULL,1,NULL,1,1,1,1,1,1,NULL,'AC'),(440,2,'Almacenes Tía, Cdla. La Floresta  1 y Av. Roberto Rolando Serrano ','24 horas ','Almacenes Tía, Cdla. La Floresta  1 y Av. Roberto Rolando Serrano ','-2.251174','-79.88672',1,NULL,NULL,1,NULL,1,1,1,1,1,1,NULL,'AC'),(441,2,'Almacenes Tía Mercado Central, Lorenzo De Garaycoa y Sucre ','24 horas ','Almacenes Tía Mercado Central, Lorenzo De Garaycoa y Sucre ','-2.192589555','-79.88729411',1,NULL,NULL,1,NULL,1,1,1,1,1,1,NULL,'AC'),(442,2,'Hospital Luis Vernaza, Calle Loja y Alfredo Baquerizo Moreno','24 horas ','Hospital Luis Vernaza, Calle Loja y Alfredo Baquerizo Moreno','-2.18435','-79.8803',1,NULL,NULL,1,NULL,1,1,1,1,1,1,NULL,'AC'),(443,2,'Hospital Lorenzo Ponce, Av. Pedro Menéndez Gilbert','24 horas ','Hospital Lorenzo Ponce, Av. Pedro Menéndez Gilbert','-2.178459','-79.882218',1,NULL,NULL,1,NULL,1,1,1,1,1,1,NULL,'AC'),(444,2,'Terminal Terrestre, Entrada Principal, Planta Baja','24 horas ','Terminal Terrestre, Entrada Principal, Planta Baja','-2.143359','-79.88005',1,NULL,NULL,1,NULL,1,1,1,1,1,1,NULL,'AC'),(445,2,'Puerto Marítimo, Av. 25 De Julio','24 horas ','Puerto Marítimo, Av. 25 De Julio','-2.276607','-79.907442',1,NULL,NULL,1,NULL,1,1,1,1,1,1,NULL,'AC'),(446,2,'Primax Garzota, Av. Agustín Freire y Rolando Pareja  ','24 horas ','Primax Garzota, Av. Agustín Freire y Rolando Pareja  ','-2.14546','-79.894798',1,NULL,NULL,1,NULL,1,1,1,1,1,1,NULL,'AC'),(447,2,'Primax  Carlos Julio Arosemena Km 2.5 ','24 horas ','Primax  Carlos Julio Arosemena Km 2.5 ','-2.176401','-79.911361',1,NULL,NULL,1,NULL,1,1,1,1,1,1,NULL,'AC'),(448,2,'Terminal Terrestre, Entrada Principal, Planta Baja','24 horas ','Terminal Terrestre, Entrada Principal, Planta Baja','-2.143359','-79.88005',1,NULL,NULL,1,NULL,1,1,1,1,1,1,NULL,'AC'),(449,2,'C.C. Unicentro, Aguirre Entre Chile y Chimborazo ','24 horas ','C.C. Unicentro, Aguirre Entre Chile y Chimborazo ','-2.19366','-79.882932',1,NULL,NULL,1,NULL,1,1,1,1,1,1,NULL,'AC'),(450,2,'Florida Norte,  Av. Eduardo Solá Franco y 2do Pasaje ','24 horas ','Florida Norte,  Av. Eduardo Solá Franco y 2do Pasaje ','-2.128815','-79.93605',1,NULL,NULL,1,NULL,1,1,1,1,1,1,NULL,'AC'),(451,2,'Paseo Shopping, Km  9.5 Vía A Daule ','10:00 am - 09:00 pm','Paseo Shopping, Km  9.5 Vía A Daule ','-2.114656','-79.93343',1,NULL,NULL,1,NULL,1,1,1,1,1,1,NULL,'AC'),(452,2,'Servientrega, Calle Vélez 601 y García Avilés','24 horas ','Servientrega, Calle Vélez 601 y García Avilés','-2.191506','-79.885614',1,NULL,NULL,1,NULL,1,1,1,1,1,1,NULL,'AC'),(453,2,'Matriz Centro Transaccional, Pedro Carbo 210 y Junín                ','24 horas ','Matriz Centro Transaccional, Pedro Carbo 210 y Junín                ','-2.18988','-79.88056',1,NULL,NULL,1,NULL,1,1,1,1,1,1,NULL,'AC'),(454,2,'Matriz Centro Transaccional, Pedro Carbo 210 y Junín                ','24 horas ','Matriz Centro Transaccional, Pedro Carbo 210 y Junín                ','-2.18988','-79.88056',1,NULL,NULL,1,NULL,1,1,1,1,1,1,NULL,'AC'),(455,2,'Mapasingue Oeste, Sector Colinas del Hipódromo, Junto Al C.C. El Trébol','24 horas ','Mapasingue Oeste, Sector Colinas del Hipódromo, Junto Al C.C. El Trébol','-2.157309','-79.930797',1,NULL,NULL,1,NULL,1,1,1,1,1,1,NULL,'AC'),(456,2,'Almacenes Tía, Los Vergeles, Av. Tercera Mz. 115 Solar 5','24 horas ','Almacenes Tía, Los Vergeles, Av. Tercera Mz. 115 Solar 5','-2.090160513','-79.90345104',1,NULL,NULL,1,NULL,1,1,1,1,1,1,NULL,'AC'),(457,2,'Centenario, Chimborazo 3310 y Azuay','24 horas ','Centenario, Chimborazo 3310 y Azuay','-2.215107','-79.889084',1,NULL,NULL,1,NULL,1,1,1,1,1,1,NULL,'AC'),(458,2,'Sauces VI, Calle Principal Mz. 336-F Solar 31','24 horas ','Sauces VI, Calle Principal Mz. 336-F Solar 31','-2.125695','-79.896541',1,NULL,NULL,1,NULL,1,1,1,1,1,1,NULL,'AC'),(459,2,'Mamut Andino, Interior De La Empresa,  José Rodríguez y Portete De Tarqui','','Mamut Andino, Interior De La Empresa,  José Rodríguez y Portete De Tarqui','-2.192556','-79.935635',1,NULL,NULL,1,NULL,1,1,1,1,1,1,NULL,'AC'),(460,2,'Parque San Agustín, Calle Luis Urdaneta y Pedro Moncayo Mz 119, solar 8','24 horas ','Parque San Agustín, Calle Luis Urdaneta y Pedro Moncayo Mz 119, solar 8','-2.187668','-79.887779',1,NULL,NULL,1,NULL,1,1,1,1,1,1,NULL,'AC'),(461,2,'Petrocomercial Av. 25 de Julio y Calle 55','24 horas ','Petrocomercial Av. 25 de Julio y Calle 55','-2.187711','-79.887974',1,NULL,NULL,1,NULL,1,1,1,1,1,1,NULL,'AC'),(462,2,'Gasolinera Clyan, Av. Francisco De Orellana y 1er Callejón','24 horas ','Gasolinera Clyan, Av. Francisco De Orellana y 1er Callejón','-2.090208','-79.913532',1,NULL,NULL,1,NULL,1,1,1,1,1,1,NULL,'AC'),(463,2,'Farmacia Victoria, Guasmo Sur, Cooperativa Causa Proletaria mz 4, Bloque A','06:00 am - 11:00 pm','Farmacia Victoria, Guasmo Sur, Cooperativa Causa Proletaria mz 4, Bloque A','-2.274931','-79.878157',1,NULL,NULL,1,NULL,1,1,1,1,1,1,NULL,'AC'),(464,2,'Almacenes Tía, Flor de Bastión, Av. Arq. Modesto Luque','24 horas ','Almacenes Tía, Flor de Bastión, Av. Arq. Modesto Luque','-2.104354','-79.95274',1,NULL,NULL,1,NULL,1,1,1,1,1,1,NULL,'AC'),(465,2,'Gasolinera Hermano Miguel, Av. 25 de Julio y Av. Roberto Serrano Rolando ','24 horas ','Gasolinera Hermano Miguel, Av. 25 de Julio y Av. Roberto Serrano Rolando ','-2.250872','-79.894098',1,NULL,NULL,1,NULL,1,1,1,1,1,1,NULL,'AC'),(466,2,'Universidad Estatal, Av. Delta, Fac. de Administración','24 horas ','Universidad Estatal, Av. Delta, Fac. de Administración','-2.182925','-79.895831',1,NULL,NULL,1,NULL,1,1,1,1,1,1,NULL,'AC'),(467,2,'Avícola Fernandez, Av. Isidro Ayora, Ciudadela Polaris','24 horas ','Avícola Fernandez, Av. Isidro Ayora, Ciudadela Polaris','-2.120698','-79.900509',1,NULL,NULL,1,NULL,1,1,1,1,1,1,NULL,'AC'),(468,2,'Supermercado El Rancho, Los Ríos y Pedro Pablo Gómez','24 horas ','Supermercado El Rancho, Los Ríos y Pedro Pablo Gómez','-2.195651','-79.896318',1,NULL,NULL,1,NULL,1,1,1,1,1,1,NULL,'AC'),(469,2,'Gas. Mobil 4.5 Vía A Daule ','24 horas ','Gas. Mobil 4.5 Vía A Daule ','-2.162929','-79.925497',1,NULL,NULL,1,NULL,1,1,1,1,1,1,NULL,'AC'),(470,2,'Petrocomercial Las Monjas, Av. Carlo Julio Arosemena','24 horas ','Petrocomercial Las Monjas, Av. Carlo Julio Arosemena','-2.174474','-79.915114',1,NULL,NULL,1,NULL,1,1,1,1,1,1,NULL,'AC'),(471,2,'Gasolinera Tripetrol, Calle 4 De Noviembre y Los Ríos','24 horas ','Gasolinera Tripetrol, Calle 4 De Noviembre y Los Ríos','-2.211932','-79.901593',1,NULL,NULL,1,NULL,1,1,1,1,1,1,NULL,'AC'),(472,2,'Hipermarket Av. De Las Américas y Pedro José Menéndez Gilbert','10:00 am - 09:00 pm','Hipermarket Av. De Las Américas y Pedro José Menéndez Gilbert','-2.181347','-79.891819',1,NULL,NULL,1,NULL,1,1,1,1,1,1,NULL,'AC'),(473,2,'Servientrega, Pedro Carbo y 9 De Octubre ','24 horas ','Servientrega, Pedro Carbo y 9 De Octubre ','-2.191618','-79.881175',1,NULL,NULL,1,NULL,1,1,1,1,1,1,NULL,'AC'),(474,2,'Supermercado DelCorral, Gómez Rendón ','24 horas ','Supermercado DelCorral, Gómez Rendón ','-2.19427','-79.925333',1,NULL,NULL,1,NULL,1,1,1,1,1,1,NULL,'AC'),(475,2,'Primax, Av. Domingo Comín y Pasaje 48 SO','24 horas ','Primax, Av. Domingo Comín y Pasaje 48 SO','-2.229796','-79.890473',1,NULL,NULL,1,NULL,1,1,1,1,1,1,NULL,'AC'),(476,2,'Primax, Av. Juan Tanca Marengo y Jaime Roldós','24 horas ','Primax, Av. Juan Tanca Marengo y Jaime Roldós','-2.147424','-79.905582',1,NULL,NULL,1,NULL,1,1,1,1,1,1,NULL,'AC'),(477,2,'Posorja Nirsa, Interior De La Empresa, Av. Real y Jesús Del Gran Poder','24 horas ','Posorja Nirsa, Interior De La Empresa, Av. Real y Jesús Del Gran Poder','-2.706577','-80.243499',1,NULL,NULL,1,NULL,1,1,1,1,1,1,NULL,'AC'),(478,2,'Almacenes Tía, Av. Portete y la 38','24 horas ','Almacenes Tía, Av. Portete y la 38','-2.197795','-79.933033',1,NULL,NULL,1,NULL,1,1,1,1,1,1,NULL,'AC'),(479,2,'Primax, Portete, Av. José Rodrígez Bonín y Calle 1 F','24 horas ','Primax, Portete, Av. José Rodrígez Bonín y Calle 1 F','-2.189164','-79.94397',1,NULL,NULL,1,NULL,1,1,1,1,1,1,NULL,'AC'),(480,2,'Primax, Av. 25 De Julio y 1 Callejón 55 SO','24 horas ','Primax, Av. 25 De Julio y 1 Callejón 55 SO','-2.264163','-79.898624',1,NULL,NULL,1,NULL,1,1,1,1,1,1,NULL,'AC'),(481,2,'Sana Sana, Portete 5531 y Calle 29','24 horas ','Sana Sana, Portete 5531 y Calle 29','-2.199623','-79.92567',1,NULL,NULL,1,NULL,1,1,1,1,1,1,NULL,'AC'),(482,2,'Sana Sana, Calle Rosa Borja De Icaza y El Oro','24 horas ','Sana Sana, Calle Rosa Borja De Icaza y El Oro','-2.216438','-79.888965',1,NULL,NULL,1,NULL,1,1,1,1,1,1,NULL,'AC'),(483,2,'Eléctrica de Guayaquil, Av. Emilio Romero Menéndez y Calle 1ra','24 horas ','Eléctrica de Guayaquil, Av. Emilio Romero Menéndez y Calle 1ra','-2.141388','-79.91115',1,NULL,NULL,1,NULL,1,1,1,1,1,1,NULL,'AC'),(484,2,'Aduanas – Aeropuerto, Av. de las Américas y Av. Isidro Ayora','08:30 am - 04:00 pm','Aduanas – Aeropuerto, Av. de las Américas y Av. Isidro Ayora','-2.16003','-79.888959',1,NULL,NULL,1,NULL,1,1,1,1,1,1,NULL,'AC'),(485,2,'Universidad Laica Vicente Rocafuerte  Av. De las Americas','Lunes a Domingo horarios  de la universidad','Universidad Laica Vicente Rocafuerte  Av. De las Americas','-2.175949','-79.890433',1,NULL,NULL,1,NULL,1,1,1,1,1,1,NULL,'AC'),(486,2,'Contecon Av de la Marina, Puerto Simón Bolívar','Lunes a Domingo 08:00 am -19:00 pm','Contecon Av de la Marina, Puerto Simón Bolívar','-2.279389','-79.907022',1,NULL,NULL,1,NULL,1,1,1,1,1,1,NULL,'AC'),(487,2,'Primax Juan Tanca Marengo y Av del santuario','24 horas','Primax Juan Tanca Marengo y Av del santuario','-2.140356','-79.925519',1,NULL,NULL,1,NULL,1,1,1,1,1,1,NULL,'AC'),(488,2,'Tia Mucho Lote','Lunes a Domingo 08:30 am -20:00 pm','Av. Isidro Ayora y Calle Vehicular','-2.086028','-79.916586',1,NULL,NULL,1,NULL,1,1,1,1,1,1,NULL,'AC'),(489,2,'Tía Bellavista','Lunes a Domingo 08:30 am -20:00 pm','Bellavista Mz 1  Villa 15-16. Av Velasco Ibarra','-2.180299','-79.910608',1,NULL,NULL,1,NULL,1,1,1,1,1,1,NULL,'AC'),(490,2,'Omni Hospital','24 horas','Av. Abel R. Castillo y Juan Tanca Marengo ','-2.157575','-79.891480',1,NULL,NULL,1,NULL,1,1,1,1,1,1,NULL,'AC'),(491,2,'Of. Av. de las Américas','24 horas','Av. De las Américas Solar 6 del área del aeropuerto José Joaquín de Olmedo','-2.149545','-79.886077',1,NULL,NULL,1,NULL,1,1,1,1,1,1,NULL,'AC'),(492,2,'C.C. City Mall','Lunes a Domingos 09:00-22:00','Calle Benjamín Carrión y Felipe Pezo ','-2.140426','-79.909342',1,NULL,NULL,1,NULL,1,1,1,1,1,1,NULL,'AC'),(493,2,'Centro Comercial Mall del Sol','Lunes a Domingos 09:00-21:00','Av. Joaquín Orrantía González y Juan Tanca Marengo, C.C. Mall del Sol. ','-2.155043','-79.892757',1,NULL,NULL,1,NULL,1,1,1,1,1,1,NULL,'AC'),(494,2,'Gran Akí Domingo Comín','Lunes a Domingos 09:00-21:00','Av. Domingo Comín Solar 1 y Calle 50 ','-2.242283','-79.891487',1,NULL,NULL,1,NULL,1,1,1,1,1,1,NULL,'AC'),(495,2,'Hyper Vergeles  ','Lunes a Domingos 09:00-21:00','Centro Comercial Hyper Market Los vergeles, local anexo 3 Urb. Los Vergeles Mz 219. ','-2.09187','-79.912193',1,NULL,NULL,1,NULL,1,1,1,1,1,1,NULL,'AC'),(496,2,'Puerto Azul','24 horas','Km. 11 Vía a la Costa, frente a la Urbanización Puerto Azul','-2.116067','-79.872575',1,NULL,NULL,1,NULL,1,1,1,1,1,1,NULL,'AC'),(497,2,'Plaza PYCCA','24 horas','Plaza Pycca Km 9.5 vía a Daule','-2.115881','-79.933258',1,NULL,NULL,1,NULL,1,1,1,1,1,1,NULL,'AC'),(498,2,'Mall del Sol Of. 1','lunes a sábado 10:00 am -22:00; domingos 11:00 am.-21:00.','Av. Joaquín Orrantía González y Juan Tanca Marengo, C.C. Mall del Sol. ','-2.155043','-79.892757',1,NULL,NULL,1,NULL,1,1,1,1,1,1,NULL,'AC'),(499,2,'Mall del Sol Of. 1','lunes a sábado 10:00 am -22:00; domingos 11:00 am.-21:00.','Av. Joaquín Orrantía González y Juan Tanca Marengo, C.C. Mall del Sol. ','-2.155043','-79.892757',1,NULL,NULL,1,NULL,1,1,1,1,1,1,NULL,'AC'),(500,2,'Pharmacys Urdesa','24 horas','Urdesa, Av. Víctor Emilio Estrada y Las Monjas    ','-2.155043','-79.892757',1,NULL,NULL,1,NULL,1,1,1,1,1,1,NULL,'AC'),(501,2,'Agencia San Eduardo Av. Rodríguez Bonín','24 horas','Coop Renacer Mz 66 solar 1 división 5; Av. Rodríguez Bonín (prolongación de Av. Portete) y calle 26 A ','-2.164908','-79.844599',1,NULL,NULL,1,NULL,1,1,1,1,1,1,NULL,'AC'),(502,2,'Farmacia Cruz Azul Sauces 9 ','24 horas','Cdla. Sauces 9 MZ F 516 SL. 1  ','-2.190103','-79.942778',1,NULL,NULL,1,NULL,1,1,1,1,1,1,NULL,'AC'),(503,2,'Plaza Colonia','24 horas','Km. 12.5 Vía a la Costa, C.C. Plaza Colonia  ','-0.197517','-78.488076',1,NULL,NULL,1,NULL,1,1,1,1,1,1,NULL,'AC'),(504,2,'Plaza Tía','Lunes a Domingos 09:00-21:00','Km. 10 ½ vía Daule','-2.098861','-79.935445',1,NULL,NULL,1,NULL,1,1,1,1,1,1,NULL,'AC'),(505,2,'Gasolinera Terpel La Garzota','24 horas','Av. Guillermo Pareja y Hermano Miguel','-2.151132','-79.892889',1,NULL,NULL,1,NULL,1,1,1,1,1,1,NULL,'AC'),(506,2,'Tía Alamos','24 horas','Urb. Los Alamos. Av. Francisco de Orellana y Twintz','-2.132188','-79.908046',1,NULL,NULL,1,NULL,1,1,1,1,1,1,NULL,'AC'),(507,2,'Hiper vía Daule ','Lunes a Domingos 09:00-21:00','Km 12 ½ vía Daule','-2.099265','-79.935502',1,NULL,NULL,1,NULL,1,1,1,1,1,1,NULL,'AC'),(508,2,'Va & Ven Guayacanes','24 horas','Ciudadela Guayacanes, Avda. Isidro Ayora y Avda. segunda (Esquina)','-2.121231','-79.899788',1,NULL,NULL,1,NULL,1,1,1,1,1,1,NULL,'AC'),(509,8,'25 DE JULIO',NULL,'Av. 25 de Julio , Centenario Sur Mz. A Solar 3','-2.227794',' -79.897621',NULL,NULL,NULL,NULL,NULL,1,1,NULL,1,NULL,1,NULL,'AC'),(510,8,'ALBORADA',NULL,'Guillermo Pareja Rolando y Lateral 12, Centro Comercial Gran Albocentro','-2.134556',' -79.902202',NULL,NULL,NULL,NULL,NULL,1,1,NULL,1,NULL,1,NULL,'AC'),(511,8,'CENTRO',NULL,'Gral. José Cordova, solar 14 entre 9 de Octubre y Francisco de P. Icaza. Mz. 47','-2.191406',' -79.881685',NULL,NULL,NULL,NULL,NULL,1,1,NULL,1,NULL,1,NULL,'AC'),(512,8,'FRANCISCO DE ORELLANA',NULL,'Av. Francisco de Orellana, Ed. World Trade Center Local 2','-2.163454',' -79.897540',NULL,NULL,NULL,NULL,NULL,1,1,NULL,1,NULL,1,NULL,'AC'),(513,8,'MAPASINGUE',NULL,'Vía Daule Km. 5 1/2, Centro Comercial Big Outlets','-2.111250',' -79.933296',NULL,NULL,NULL,NULL,NULL,1,1,NULL,1,NULL,1,NULL,'AC'),(514,8,'SAMBORONDÓN',NULL,'Av. La Puntilla, Urb. Entre Ríos, Mz. Z1 Solar 33','-2.146425',' -79.864505',NULL,NULL,NULL,NULL,NULL,1,1,NULL,1,NULL,1,NULL,'AC'),(516,7,'GUAYAQUIL PRINCIPAL ',NULL,'9 de octubre y Boyacá ','-2.190848',' -79.884182',1,NULL,NULL,NULL,NULL,1,1,1,1,1,NULL,NULL,'AC'),(517,7,'ALBORADA',NULL,'Av. Rodolfo Baquerizo C.C. Albocentro. Alborada IV etapa','-2.141263',' -79.896831',1,NULL,NULL,NULL,NULL,1,1,1,1,1,NULL,NULL,'AC'),(518,7,'URDESA',NULL,'Victor Emilio Estrada y Dátiles','-2.172377',' -79.907572',1,NULL,NULL,NULL,NULL,1,1,1,1,1,NULL,NULL,'AC'),(519,7,'AEROPUERTO GYE',NULL,'Aeropuerto- Guayaquil. Simón Bolivar ','-2.158018',' -79.883943',1,NULL,NULL,NULL,NULL,1,1,1,1,1,NULL,NULL,'AC'),(520,7,'ORELLANA',NULL,'Av. 9 de Octubre y Carchi','-2.187363',' -79.895633',1,NULL,NULL,NULL,NULL,1,1,1,1,1,NULL,NULL,'AC'),(521,7,'KENNEDY ',NULL,'Av. Francisco de Orellana y Calle 3ra','-2.167559',' -79.895914',1,NULL,NULL,NULL,NULL,1,1,1,1,1,NULL,NULL,'AC'),(522,7,'ENTRE RIOS ',NULL,'Av. La Puntilla Mz. Z1 Solar 24-25','-2.148076',' -79.864813',1,NULL,NULL,NULL,NULL,1,1,1,1,1,NULL,NULL,'AC'),(523,7,'MALL DEL SUR',NULL,'Av. 25 de Julio y José de la Cuadra (C.C.M)','-2.229062',' -79.898139',1,NULL,NULL,NULL,NULL,1,1,1,1,1,NULL,NULL,'AC'),(524,7,'METRO E. IESS',NULL,'Av. Olmedo entre Chimborazo y Boyacá','-2.197727',' -79.884850',1,NULL,NULL,NULL,NULL,1,1,1,1,1,NULL,NULL,'AC'),(525,7,'PARQUE CALIFORNIA ',NULL,'Vía Daule. Km . 11,5 C.C. parque California ','-2.101442',' -79.937226',1,NULL,NULL,NULL,NULL,1,1,1,1,1,NULL,NULL,'AC'),(526,7,'HOTEL CONTINENTAL',NULL,'Calle Chile 508 y 10 de Agosto ','-2.195152',' -79.882908',1,NULL,NULL,NULL,NULL,1,1,1,1,1,NULL,NULL,'AC'),(527,7,'CDLA. VERNAZA NORTE ',NULL,'Av. Joaquín Orrantia y Av. Leopoldo Benítez. ','-2.155733',' -79.889595',1,NULL,NULL,NULL,NULL,1,1,1,1,1,NULL,NULL,'AC'),(528,7,'HOTEL HAWARD JHONSON',NULL,'Av. Juan Tanca Marengo y Abel Castillo ','-2.157542',' -79.892503',1,NULL,NULL,NULL,NULL,1,1,1,1,1,NULL,NULL,'AC'),(529,10,'LA MERCED',NULL,'Calle Córdova 924 y P. Icaza','-2.190779',' -79.881449',NULL,NULL,NULL,NULL,NULL,NULL,NULL,NULL,NULL,NULL,NULL,NULL,'AC'),(530,10,'JUNIN',NULL,'Junin 400 y General Córdova','-2.189450',' -79.881085',NULL,NULL,NULL,NULL,NULL,NULL,NULL,NULL,NULL,NULL,NULL,NULL,'AC'),(531,10,'ORVE 9 DE OCTUBRE',NULL,'Av. 9 Octubre 735 entre García Avilés y Boyacá','-2.190608',' -79.884775',NULL,NULL,NULL,NULL,NULL,NULL,NULL,NULL,NULL,NULL,NULL,NULL,'AC'),(532,10,'ORVE MALL DEL SUR',NULL,'Av. 25 de Julio y Ernesto Albán C.C. Mall del Sur Local 149','-2.229217',' -79.898171',NULL,NULL,NULL,NULL,NULL,NULL,NULL,NULL,NULL,NULL,NULL,NULL,'AC'),(533,10,'PARQUE CALIFORNIA',NULL,'Vía Daule Km 11 1/2, C. C. Parque California 2, Local 15','-2.101069',' -79.936172',NULL,NULL,NULL,NULL,NULL,NULL,NULL,NULL,NULL,NULL,NULL,NULL,'AC'),(534,10,'PRIMERO DE MAYO',NULL,'1ro de Mayo N600 y Av del Ejercito','-2.187685',' -79.891859',NULL,NULL,NULL,NULL,NULL,NULL,NULL,NULL,NULL,NULL,NULL,NULL,'AC'),(535,10,'TERMINAL TERRESTRE',NULL,'Av. Benjamín Rosales y Av. De las Américas, CC TERMINAL','-2.143418',' -79.879677',NULL,NULL,NULL,NULL,NULL,NULL,NULL,NULL,NULL,NULL,NULL,NULL,'AC'),(536,10,'URDESA',NULL,'Av. Víctor Emilio Estrada 412 y Dátiles','-2.172130',' -79.907462',NULL,NULL,NULL,NULL,NULL,NULL,NULL,NULL,NULL,NULL,NULL,NULL,'AC'),(537,10,'JAPON ALBORADA',NULL,'Av. Rodolfo Baquerizo Nazur y Calle lateral 12 C.C Gran Albocentro','-2.134487',' -79.902136',NULL,NULL,NULL,NULL,NULL,NULL,NULL,NULL,NULL,NULL,NULL,NULL,'AC'),(538,10,'JAPON PORTETE',NULL,'Av. 17 ava # 4121 y Portete','-2.201577',' -79.915889',NULL,NULL,NULL,NULL,NULL,NULL,NULL,NULL,NULL,NULL,NULL,NULL,'AC'),(539,10,'JAPON RIOCENTRO SUR',NULL,'C. C. Riocentro Sur, Av. 25 de Julio y Dr. Pio Jaramillo Alvarado','-2.241728',' -79.895421',NULL,NULL,NULL,NULL,NULL,NULL,NULL,NULL,NULL,NULL,NULL,NULL,'AC'),(540,10,'JAPON SUR',NULL,'Av. 25 de Julio y Ernesto Albán esquina, frente a Mall del Sur','-2.230275',' -79.897208',NULL,NULL,NULL,NULL,NULL,NULL,NULL,NULL,NULL,NULL,NULL,NULL,'AC'),(541,11,'SUCURSAL MAYOR',NULL,'Malecón Simón Bolivar 1400 e Illingworth','-2.193641',' -79.880161',NULL,NULL,NULL,NULL,NULL,NULL,NULL,NULL,NULL,NULL,NULL,NULL,'AC'),(542,11,'BASE NAVAL SUR',NULL,'Av. De la Marina, vía al puerto marítimo','-2.277370',' -79.907736',NULL,NULL,NULL,NULL,NULL,NULL,NULL,NULL,NULL,NULL,NULL,NULL,'AC'),(543,11,'FAE ATARAZANA',NULL,'Av. Pedro Menéndez Gilbert y Calle Luis Plaza Dañín, Cdla FAE','-2.169785',' -79.880025',NULL,NULL,NULL,NULL,NULL,NULL,NULL,NULL,NULL,NULL,NULL,NULL,'AC'),(544,11,'FUERTE HUANCAVILCA',NULL,'Km. 8.5 Vía a Daule (Fuerte Huancavilca)','-2.116616',' -79.932101',NULL,NULL,NULL,NULL,NULL,NULL,NULL,NULL,NULL,NULL,NULL,NULL,'AC'),(545,11,'PRIMERA ZONA NAVAL',NULL,'Av. Eloy Alfaro y Calle El Oro','-2.216499',' -79.887883',NULL,NULL,NULL,NULL,NULL,NULL,NULL,NULL,NULL,NULL,NULL,NULL,'AC'),(546,5,'Agencia 09 de Octubre ',NULL,'Lorenzo de Garaycoa 817, entre Av. 9 de Octubre y Víctor Manuel Rendón','-2.189698','-79.886861',1,NULL,NULL,NULL,NULL,NULL,1,NULL,1,1,1,NULL,'AC'),(547,5,'Agencia Bahía',NULL,'Malecón 2210 y General Franco ','-2.198699','-79.881408',1,NULL,NULL,NULL,NULL,NULL,1,NULL,1,1,1,NULL,'AC'),(548,5,'Agencia Garzota',NULL,'Agustin Freire y Av. Rodolfo Baquerizo Nazur, C.C Plaza La Garzota','-2.144890','-79.895348',1,NULL,NULL,NULL,NULL,NULL,1,NULL,1,1,1,NULL,'AC'),(549,5,'Agencia Mall del Sol',NULL,'Joaquín Orrantia y Av Juan Tanca Marengo (CC Mall del Sol, local B74)','-2.155158','-79.892655',1,NULL,NULL,NULL,NULL,NULL,1,NULL,1,1,1,NULL,'AC'),(550,5,'Agencia Mall del Sur',NULL,'Av. 25 de Julio y José de la Cuadra (Locales 4 y 5 C.C. Mall del Sur)','-2.229209','-79.898532',1,NULL,NULL,NULL,NULL,NULL,1,NULL,1,1,1,NULL,'AC'),(551,5,'Agencia Mercado Central',NULL,'6 de Marzo 924 y Clemente Ballén','-2.193778','-79.888261',1,NULL,NULL,NULL,NULL,NULL,1,NULL,1,1,1,NULL,'AC'),(552,5,'Agencia San Marino',NULL,'Av. Francisco de Orellana y Carlos Luis Plaza Dañin (CC.  San Marino)','-2.169410',' -79.898158',1,NULL,NULL,NULL,NULL,NULL,1,NULL,1,1,1,NULL,'AC'),(553,5,'Agencia Urdesa',NULL,'Víctor Emilio Estrada 206 entre Bálsamos y Cedros (Urdesa)','-2.174485',' -79.905498',1,NULL,NULL,NULL,NULL,NULL,1,NULL,1,1,1,NULL,'AC'),(554,5,'Agencia Village Plaza',NULL,'Km 1 1/2 Vía Sanborondón (CC Village Plaza, local 3)','-2.140486',' -79.864658',1,NULL,NULL,NULL,NULL,NULL,1,NULL,1,1,1,NULL,'AC'),(555,5,'Sucursal Guayaquil',NULL,'Pedro Carbo 604 y Luque','-2.193328',' -79.881781',1,NULL,NULL,NULL,NULL,NULL,1,NULL,1,1,1,NULL,'AC'),(556,5,'Agencia Express Los Ceibos',NULL,'Km 6 ½ Av. del Bombero (Megamaxi Los Ceibos)','-2.173662',' -79.939818',1,NULL,NULL,NULL,NULL,NULL,1,NULL,1,1,1,NULL,'AC'),(557,5,'Agencia Express Mall del Sur',NULL,'Av. 25 de Julio y José de la Cuadra (Megamaxi, local M5 CC. Mall del Sur)','-2.229697',' -79.898864',1,NULL,NULL,NULL,NULL,NULL,1,NULL,1,1,1,NULL,'AC'),(558,5,'Agencia Express Megamaxi',NULL,'Joaquín Orrantia y Av. Juan Tanca Marengo (Megamaxi CC. Mall del Sol)','-2.155836',' -79.891502',1,NULL,NULL,NULL,NULL,NULL,1,NULL,1,1,1,NULL,'AC'),(559,5,'Agencia Express Village Plaza',NULL,'Km 1 1/2 Vía Sanborondón (CC Village Plaza, Megamaxi)','-2.140154',' -79.864712',1,NULL,NULL,NULL,NULL,NULL,1,NULL,1,1,1,NULL,'AC'),(560,5,'Centro Comercial Albán Borja',NULL,'Av. Carlos Julio Arosemena (C.C. Albán Borja)','-2.168721',' -79.916736',1,NULL,NULL,NULL,NULL,NULL,1,NULL,1,1,1,NULL,'AC'),(561,5,'Supermaxi Parque California',NULL,'Km 12 Vía Daule y Calle C (Supermaxi)','-2.101452',' -79.937162',1,NULL,NULL,NULL,NULL,NULL,1,NULL,1,1,1,NULL,'AC'),(562,5,'Agencia City Mall',NULL,'CC. City Mall Local 8 y 9 PB. Felipe Pezo y Av. Benjamín Carrión','-2.141032',' -79.909671',1,NULL,NULL,NULL,NULL,NULL,1,NULL,1,1,1,NULL,'AC'),(563,5,'Agencia City Mall Express',NULL,'CC. City Mall 2do nivel (Megamaxi) .Av Benjamim Carrion y Felipe Pezo ','-2.141220',' -79.909980',1,NULL,NULL,NULL,NULL,NULL,1,NULL,1,1,1,NULL,'AC'),(564,5,'Gran Akí Comín',NULL,'Av. Domingo Comin y Pio Valdiviezo ','-2.241959',' -79.891577',1,NULL,NULL,NULL,NULL,NULL,1,NULL,1,1,1,NULL,'AC'),(565,5,'Blue Coast',NULL,'Blue Coast Business Center. Kilómetro 11 de la vía a la Costa. Alado de la Urbanización Portofino. ','-2.183609',' -79.986011',1,NULL,NULL,NULL,NULL,NULL,1,NULL,1,1,1,NULL,'AC'),(566,5,'Supermaxi Ciudad Colón XP ',NULL,'Av. Presidente Jaime Roldos Aguilera, solar 1, junto a Ciudad Colon y Parque empresarial Colon. Edificio Supermaxi Primer piso.','-2.153294',' -79.905650',1,NULL,NULL,NULL,NULL,NULL,1,NULL,1,1,1,NULL,'AC'),(567,5,'Agencia 09 de Octubre ',NULL,'Lorenzo de Garaycoa 817, entre Av. 9 de Octubre y Víctor Manuel Rendón','-2.189698','-79.886861',1,NULL,NULL,NULL,NULL,NULL,1,NULL,1,1,1,NULL,'AC'),(568,5,'Agencia Bahía',NULL,'Malecón 2210 y General Franco ','-2.198699','-79.881408',1,NULL,NULL,NULL,NULL,NULL,1,NULL,1,1,1,NULL,'AC'),(569,5,'Agencia Garzota',NULL,'Agustin Freire y Av. Rodolfo Baquerizo Nazur, C.C Plaza La Garzota','-2.144890','-79.895348',1,NULL,NULL,NULL,NULL,NULL,1,NULL,1,1,1,NULL,'AC'),(570,5,'Agencia Mall del Sol',NULL,'Joaquín Orrantia y Av Juan Tanca Marengo (CC Mall del Sol, local B74)','-2.155158','-79.892655',1,NULL,NULL,NULL,NULL,NULL,1,NULL,1,1,1,NULL,'AC'),(571,5,'Agencia Mall del Sur',NULL,'Av. 25 de Julio y José de la Cuadra (Locales 4 y 5 C.C. Mall del Sur)','-2.229209','-79.898532',1,NULL,NULL,NULL,NULL,NULL,1,NULL,1,1,1,NULL,'AC'),(572,5,'Agencia Mercado Central',NULL,'6 de Marzo 924 y Clemente Ballén','-2.193778','-79.888261',1,NULL,NULL,NULL,NULL,NULL,1,NULL,1,1,1,NULL,'AC'),(573,5,'Agencia San Marino',NULL,'Av. Francisco de Orellana y Carlos Luis Plaza Dañin (CC.  San Marino)','-2.169410',' -79.898158',1,NULL,NULL,NULL,NULL,NULL,1,NULL,1,1,1,NULL,'AC'),(574,5,'Agencia Urdesa',NULL,'Víctor Emilio Estrada 206 entre Bálsamos y Cedros (Urdesa)','-2.174485',' -79.905498',1,NULL,NULL,NULL,NULL,NULL,1,NULL,1,1,1,NULL,'AC'),(575,5,'Agencia Village Plaza',NULL,'Km 1 1/2 Vía Sanborondón (CC Village Plaza, local 3)','-2.140486',' -79.864658',1,NULL,NULL,NULL,NULL,NULL,1,NULL,1,1,1,NULL,'AC'),(576,5,'Sucursal Guayaquil',NULL,'Pedro Carbo 604 y Luque','-2.193328',' -79.881781',1,NULL,NULL,NULL,NULL,NULL,1,NULL,1,1,1,NULL,'AC'),(577,5,'Agencia Express Los Ceibos',NULL,'Km 6 ½ Av. del Bombero (Megamaxi Los Ceibos)','-2.173662',' -79.939818',1,NULL,NULL,NULL,NULL,NULL,1,NULL,1,1,1,NULL,'AC'),(578,5,'Agencia Express Mall del Sur',NULL,'Av. 25 de Julio y José de la Cuadra (Megamaxi, local M5 CC. Mall del Sur)','-2.229697',' -79.898864',1,NULL,NULL,NULL,NULL,NULL,1,NULL,1,1,1,NULL,'AC'),(579,5,'Agencia Express Megamaxi',NULL,'Joaquín Orrantia y Av. Juan Tanca Marengo (Megamaxi CC. Mall del Sol)','-2.155836',' -79.891502',1,NULL,NULL,NULL,NULL,NULL,1,NULL,1,1,1,NULL,'AC'),(580,5,'Agencia Express Village Plaza',NULL,'Km 1 1/2 Vía Sanborondón (CC Village Plaza, Megamaxi)','-2.140154',' -79.864712',1,NULL,NULL,NULL,NULL,NULL,1,NULL,1,1,1,NULL,'AC'),(581,5,'Centro Comercial Albán Borja',NULL,'Av. Carlos Julio Arosemena (C.C. Albán Borja)','-2.168721',' -79.916736',1,NULL,NULL,NULL,NULL,NULL,1,NULL,1,1,1,NULL,'AC'),(582,5,'Supermaxi Parque California',NULL,'Km 12 Vía Daule y Calle C (Supermaxi)','-2.101452',' -79.937162',1,NULL,NULL,NULL,NULL,NULL,1,NULL,1,1,1,NULL,'AC'),(583,5,'Agencia City Mall',NULL,'CC. City Mall Local 8 y 9 PB. Felipe Pezo y Av. Benjamín Carrión','-2.141032',' -79.909671',1,NULL,NULL,NULL,NULL,NULL,1,NULL,1,1,1,NULL,'AC'),(584,5,'Agencia City Mall Express',NULL,'CC. City Mall 2do nivel (Megamaxi) .Av Benjamim Carrion y Felipe Pezo ','-2.141220',' -79.909980',1,NULL,NULL,NULL,NULL,NULL,1,NULL,1,1,1,NULL,'AC'),(585,5,'Gran Akí Comín',NULL,'Av. Domingo Comin y Pio Valdiviezo ','-2.241959',' -79.891577',1,NULL,NULL,NULL,NULL,NULL,1,NULL,1,1,1,NULL,'AC'),(586,5,'Blue Coast',NULL,'Blue Coast Business Center. Kilómetro 11 de la vía a la Costa. Alado de la Urbanización Portofino. ','-2.183609',' -79.986011',1,NULL,NULL,NULL,NULL,NULL,1,NULL,1,1,1,NULL,'AC'),(587,5,'Supermaxi Ciudad Colón XP ',NULL,'Av. Presidente Jaime Roldos Aguilera, solar 1, junto a Ciudad Colon y Parque empresarial Colon. Edificio Supermaxi Primer piso.','-2.153294',' -79.905650',1,NULL,NULL,NULL,NULL,NULL,1,NULL,1,1,1,NULL,'AC'),(595,5,'Agencia 09 de Octubre ',NULL,'Lorenzo de Garaycoa 817, entre Av. 9 de Octubre y Víctor Manuel Rendón','-2.189698','-79.886861',1,NULL,NULL,NULL,NULL,NULL,1,NULL,1,1,1,NULL,'AC'),(596,5,'Agencia Bahía',NULL,'Malecón 2210 y General Franco ','-2.198699','-79.881408',1,NULL,NULL,NULL,NULL,NULL,1,NULL,1,1,1,NULL,'AC'),(597,5,'Agencia Garzota',NULL,'Agustin Freire y Av. Rodolfo Baquerizo Nazur, C.C Plaza La Garzota','-2.144890','-79.895348',1,NULL,NULL,NULL,NULL,NULL,1,NULL,1,1,1,NULL,'AC'),(598,5,'Agencia Mall del Sol',NULL,'Joaquín Orrantia y Av Juan Tanca Marengo (CC Mall del Sol, local B74)','-2.155158','-79.892655',1,NULL,NULL,NULL,NULL,NULL,1,NULL,1,1,1,NULL,'AC'),(599,5,'Agencia Mall del Sur',NULL,'Av. 25 de Julio y José de la Cuadra (Locales 4 y 5 C.C. Mall del Sur)','-2.229209','-79.898532',1,NULL,NULL,NULL,NULL,NULL,1,NULL,1,1,1,NULL,'AC'),(600,5,'Agencia Mercado Central',NULL,'6 de Marzo 924 y Clemente Ballén','-2.193778','-79.888261',1,NULL,NULL,NULL,NULL,NULL,1,NULL,1,1,1,NULL,'AC'),(601,5,'Agencia San Marino',NULL,'Av. Francisco de Orellana y Carlos Luis Plaza Dañin (CC.  San Marino)','-2.169410',' -79.898158',1,NULL,NULL,NULL,NULL,NULL,1,NULL,1,1,1,NULL,'AC'),(602,5,'Agencia Urdesa',NULL,'Víctor Emilio Estrada 206 entre Bálsamos y Cedros (Urdesa)','-2.174485',' -79.905498',1,NULL,NULL,NULL,NULL,NULL,1,NULL,1,1,1,NULL,'AC'),(603,5,'Agencia Village Plaza',NULL,'Km 1 1/2 Vía Sanborondón (CC Village Plaza, local 3)','-2.140486',' -79.864658',1,NULL,NULL,NULL,NULL,NULL,1,NULL,1,1,1,NULL,'AC'),(604,5,'Sucursal Guayaquil',NULL,'Pedro Carbo 604 y Luque','-2.193328',' -79.881781',1,NULL,NULL,NULL,NULL,NULL,1,NULL,1,1,1,NULL,'AC'),(605,5,'Agencia Express Los Ceibos',NULL,'Km 6 ½ Av. del Bombero (Megamaxi Los Ceibos)','-2.173662',' -79.939818',1,NULL,NULL,NULL,NULL,NULL,1,NULL,1,1,1,NULL,'AC'),(606,5,'Agencia Express Mall del Sur',NULL,'Av. 25 de Julio y José de la Cuadra (Megamaxi, local M5 CC. Mall del Sur)','-2.229697',' -79.898864',1,NULL,NULL,NULL,NULL,NULL,1,NULL,1,1,1,NULL,'AC'),(607,5,'Agencia Express Megamaxi',NULL,'Joaquín Orrantia y Av. Juan Tanca Marengo (Megamaxi CC. Mall del Sol)','-2.155836',' -79.891502',1,NULL,NULL,NULL,NULL,NULL,1,NULL,1,1,1,NULL,'AC'),(608,5,'Agencia Express Village Plaza',NULL,'Km 1 1/2 Vía Sanborondón (CC Village Plaza, Megamaxi)','-2.140154',' -79.864712',1,NULL,NULL,NULL,NULL,NULL,1,NULL,1,1,1,NULL,'AC'),(609,5,'Centro Comercial Albán Borja',NULL,'Av. Carlos Julio Arosemena (C.C. Albán Borja)','-2.168721',' -79.916736',1,NULL,NULL,NULL,NULL,NULL,1,NULL,1,1,1,NULL,'AC'),(610,5,'Supermaxi Parque California',NULL,'Km 12 Vía Daule y Calle C (Supermaxi)','-2.101452',' -79.937162',1,NULL,NULL,NULL,NULL,NULL,1,NULL,1,1,1,NULL,'AC'),(611,5,'Agencia City Mall',NULL,'CC. City Mall Local 8 y 9 PB. Felipe Pezo y Av. Benjamín Carrión','-2.141032',' -79.909671',1,NULL,NULL,NULL,NULL,NULL,1,NULL,1,1,1,NULL,'AC'),(612,5,'Agencia City Mall Express',NULL,'CC. City Mall 2do nivel (Megamaxi) .Av Benjamim Carrion y Felipe Pezo ','-2.141220',' -79.909980',1,NULL,NULL,NULL,NULL,NULL,1,NULL,1,1,1,NULL,'AC'),(613,5,'Gran Akí Comín',NULL,'Av. Domingo Comin y Pio Valdiviezo ','-2.241959',' -79.891577',1,NULL,NULL,NULL,NULL,NULL,1,NULL,1,1,1,NULL,'AC'),(614,5,'Blue Coast',NULL,'Blue Coast Business Center. Kilómetro 11 de la vía a la Costa. Alado de la Urbanización Portofino. ','-2.183609',' -79.986011',1,NULL,NULL,NULL,NULL,NULL,1,NULL,1,1,1,NULL,'AC'),(615,5,'Supermaxi Ciudad Colón XP ',NULL,'Av. Presidente Jaime Roldos Aguilera, solar 1, junto a Ciudad Colon y Parque empresarial Colon. Edificio Supermaxi Primer piso.','-2.153294',' -79.905650',1,NULL,NULL,NULL,NULL,NULL,1,NULL,1,1,1,NULL,'AC'),(616,1,'ALBAN BORJA','','AV CARLOS JULIO AROSEMENA E ILANES','-2.168559711666292','-79.91788320503241',1,0,0,0,1,0,1,1,1,1,0,1,'AC'),(617,1,'RIO CENTRO LOS CEIBOS',NULL,' Av. del Bombero S/N Km 6,5 Vía a la Costa','-2.17614','-79.9437',1,NULL,NULL,NULL,1,NULL,1,1,1,1,NULL,1,'AC'),(618,1,'VIA A DAULE',NULL,'KM 5 1/2 VIA A DAULE Y AV PRIMERA','-2.13568','-79.934',1,NULL,NULL,NULL,1,NULL,1,1,1,1,NULL,1,'AC'),(619,1,'AGENCIA PETROCOMERCIAL',NULL,'KM 14 1/5 VIA DAULE','-2.13568','-79.934',1,NULL,NULL,NULL,1,NULL,1,1,1,1,NULL,1,'AC'),(620,1,'Agencia CITY MALL',NULL,'AV. BENJAMIN CARRION Y FELIPE PESO','-2.14024','-79.9092',1,NULL,NULL,NULL,1,NULL,1,1,1,1,NULL,1,'AC'),(621,1,'URDESA',NULL,'VICTOR EMILIO ESTRADA Y LAS LOMAS','-2.17237','-79.9074',1,NULL,NULL,NULL,1,NULL,1,1,1,1,NULL,1,'AC'),(622,1,'C.C.LA ROTONDA',NULL,'AV. BENJAMIN CARRION Y 3ERA','-2.13934','-79.908',1,NULL,NULL,NULL,1,NULL,1,1,1,1,NULL,1,'AC'),(623,1,'POLICENTRO',NULL,'AV. DEL PERIODISTA Y DR. JUAN BAUTISTA ARZUBE','-2.17031','-79.9003',1,NULL,NULL,NULL,1,NULL,1,1,1,1,NULL,1,'AC'),(624,1,'PRIVADA GUAYAQUIL',NULL,'AV.FRANCISCO DE ORELLANA Y JUSTINO CORNEJO MEZZANINE','-2.16252','-79.8982',1,NULL,NULL,NULL,1,NULL,1,1,1,1,NULL,1,'AC'),(625,1,'CORPORATIVO GUAYAQUIL',NULL,'JUSTINO CORNEJO Y AVDA ORELLANA','-2.16252','-79.8982',1,NULL,NULL,NULL,1,NULL,1,1,1,1,NULL,1,'AC'),(626,1,'TORRES PICHINCHA',NULL,'JUSTINO CORNEJO Y AVDA. ORELLANA','-2.16252','-79.8982',1,NULL,NULL,NULL,1,NULL,1,1,1,1,NULL,1,'AC'),(627,1,'UNIVERSIDAD CATOLICA GUAYAQUIL','','AVDA. C.J. AROSEMENA KM 21/2','-2.18173','-79.9045',1,NULL,NULL,NULL,1,NULL,1,1,1,1,NULL,1,'AC'),(628,1,'LA ALBORADA',NULL,'AV. GUILLERMO PAREJA ROLANDO Y JOSE MARIA EGAS','-2.13897','-79.8985',1,NULL,NULL,NULL,1,NULL,1,1,1,1,NULL,1,'AC'),(629,1,'CLINICA KENNEDY LA ALBORADA',NULL,'CROTOS Y AV. RODOLFO BAQUERIZO N.','-2.13897','-79.8985',1,NULL,NULL,NULL,1,NULL,1,1,1,1,NULL,1,'AC'),(630,1,'HIPERMARKET NORTE',NULL,'Avenida Francisco de Orellana y Guillermo Pareja. Alborada XII etapa.','-2.12753','-79.907',1,NULL,NULL,NULL,1,NULL,1,1,1,1,NULL,1,'AC'),(631,1,'MALL DEL SOL',NULL,'AVDA CONSTITUCION Y AVDA. J. TANCAMARENGO LOCAL CC.MALL DEL SOL LOCAL B14 AL 16B','-2.15537','-79.893',1,NULL,NULL,NULL,1,NULL,1,1,1,1,NULL,1,'AC'),(632,1,'VISA OPTAR',NULL,' AVDA. FRANCISCO DE ORELLANA /DINERS CLUB','-2.15537','-79.893',1,NULL,NULL,NULL,1,NULL,1,1,1,1,NULL,1,'AC'),(633,1,'AGENCIA PASEO SHOPPING VIA A DAULE',NULL,'KM 9 1/2 VIA A DAULE, FRENTE AL QUINTO GUAYAS','-2.11678','-79.9327',1,NULL,NULL,NULL,1,NULL,1,1,1,1,NULL,1,'AC'),(634,1,'AYACUCHO',NULL,'CALLE AYACUCHO 3704 Y LA DECIMA','-2.19357','-79.9083',1,NULL,NULL,NULL,1,NULL,1,1,1,1,NULL,1,'AC'),(635,1,'AV. DE LAS AMERICAS',NULL,'AVENIDA DE LAS AMERICAS Y PRESIDENTE JAIME ROLDOS AGUILERA','-2.17747','-79.8921',1,NULL,NULL,NULL,1,NULL,1,1,1,1,NULL,1,'AC'),(636,1,'AEROPUERTO GUAYAQUIL',NULL,'AVDA. DE LAS AMERICAS Y CAMILO NEVAREZ','-2.1497','-79.887',1,NULL,NULL,NULL,1,NULL,1,1,1,1,NULL,1,'AC'),(637,1,'9 DE OCTUBRE GYE',NULL,'9 DE OCTUBRE 1703 Y AV. DEL EJERCITO','-2.18833','-79.8926',1,NULL,NULL,NULL,1,NULL,1,1,1,1,NULL,1,'AC'),(638,1,'CENTENARIO',NULL,'VICTOR MANUEL RENDON 1006 Y LORENZO DE GARAYCOA','-2.18898','-79.8871',1,NULL,NULL,NULL,1,NULL,1,1,1,1,NULL,1,'AC'),(639,1,'TERMINAL TERRESTRE',NULL,'AV. BENJAMIN ROSALES A. Y AV. DE LAS AMERICAS','-2.14211','-79.8792',1,NULL,NULL,NULL,1,NULL,1,1,1,1,NULL,1,'AC'),(640,1,'AGENCIA CALIFORNIA',NULL,' KM.11 1/2 VIA DAULE EDIFICIO COMERCIAL 1 PARQUE CALIFORNIA','-2.09913','-79.9365',1,NULL,NULL,NULL,1,NULL,1,1,1,1,NULL,1,'AC'),(641,1,'VENTANILLA DE EXTENSION MERCADO DE TRANSFERENCIAS',NULL,' SECTOR SUROESTE, CALLE 25 N.O. MARCEL LANIADO DE WIND','-2.09913','-79.9365',1,NULL,NULL,NULL,1,NULL,1,1,1,1,NULL,1,'AC'),(642,1,'MERCADO CENTRAL',NULL,'SUCRE 905 Y SANTA ELENA','-2.19494','-79.888',1,NULL,NULL,NULL,1,NULL,1,1,1,1,NULL,1,'AC'),(643,1,'CENTRO GUAYAQUIL',NULL,'PICHINCHA Y 9 DE OCTUBRE','-2.19252','-79.8804',1,NULL,NULL,NULL,1,NULL,1,1,1,1,NULL,1,'AC'),(644,1,'OLMEDO GUAYAQUIL',NULL,'OLMEDO Y SARGENTO VARGAS','-2.20074','-79.8826',1,NULL,NULL,NULL,1,NULL,1,1,1,1,NULL,1,'AC'),(645,1,'C.C.EL DORADO',NULL,'ALBERTO REYNA Y VULLAMIL FRANCO(BAHIA)','-2.20004','-79.882',1,NULL,NULL,NULL,1,NULL,1,1,1,1,NULL,1,'AC'),(646,1,'SAMBORONDON PLAZA',NULL,'KM. 1 Y 1/2 LADO OESTE DE LA VIA SAMBORONDÓN','-2.13817','-79.8639',1,NULL,NULL,NULL,1,NULL,1,1,1,1,NULL,1,'AC'),(647,1,'UEES',NULL,'KM 2 1/2 VIA SAMBORONDON URB. TORNERO 3 (UNIVERSIDAD ESPIRITU SANTO)','-2.13817','-79.8639',1,NULL,NULL,NULL,1,NULL,1,1,1,1,NULL,1,'AC'),(648,1,'CHILE SUR',NULL,'CHILE Y CAÑAR','-2.21484','-79.8882',1,NULL,NULL,NULL,1,NULL,1,1,1,1,NULL,1,'AC'),(649,1,'CENTENARIO SUR',NULL,'AV. VICENTE TRUJILLO Y AV. 25 DE JULIO','-2.22282','-79.898',1,NULL,NULL,NULL,1,NULL,1,1,1,1,NULL,1,'AC'),(650,1,'PUERTO MARITIMO',NULL,'AV.25 DE JULIO DENTRO DEL PUERTO MARÍTIMO','-2.22282','-79.898',1,NULL,NULL,NULL,1,NULL,1,1,1,1,NULL,1,'AC'),(651,1,'MALL DEL SUR',NULL,'AV. 25 DE JULIO Y JOSE DE LA CUADRA','-2.229216',' -79.898516',1,NULL,NULL,NULL,1,NULL,1,1,1,1,NULL,1,'AC'),(652,1,'RIOCENTRO SUR',NULL,'AV. 25 DE JULIO Y AV. ERNESTO ALBAN CENTRO COMERCIAL RIOCENTRO SUR','-2.241604',' -79.895131',1,NULL,NULL,NULL,1,NULL,1,1,1,1,NULL,1,'AC'),(653,1,'UNIVERSIDAD POLITECNICA SALESIANA',NULL,'AV. DOMINGO COMIN Y MAYRA VICUÑA','-2.220158',' -79.886728',1,NULL,NULL,NULL,1,NULL,1,1,1,1,NULL,1,'AC'),(654,1,'DURAN OUTLET',NULL,'KM 3 1/2 VIA DURAN BOLICHE CC DURAN OUTLET','-2.178946',' -79.824681',1,NULL,NULL,NULL,1,NULL,1,1,1,1,NULL,1,'AC'),(655,1,'PS DURAN',NULL,'Duran - Km 1/2 vía Durán Tambo','-2.1841','-79.8241',1,NULL,NULL,NULL,1,NULL,1,1,1,1,NULL,1,'AC'),(656,1,'LA PIAZZA VILLA CLUB',NULL,' VIA A LA AURORA C.C LA PIAZZA URB.VILLA CLUB','-2.050489',' -79.889893',1,NULL,NULL,NULL,1,NULL,1,1,1,1,NULL,1,'AC'),(657,1,'SAMANES IV',NULL,'SAMANES IV AV. ISIDRO AYORA MZ. 409','-2.113776',' -79.898749',1,NULL,NULL,NULL,1,NULL,1,1,1,1,NULL,1,'AC'),(658,1,'SAN MARINO',NULL,' Av Francisco de Orellana Y Av Plaza Dañín','-2.169367',' -79.898093',1,NULL,NULL,NULL,1,NULL,1,1,1,1,NULL,1,'AC'),(659,1,'MI COMISARIATO GARZOTA',NULL,'AV DE LAS AMERICAS Y AV ISIDRO AYORA','-2.144253',' -79.885064',1,NULL,NULL,NULL,1,NULL,1,1,1,1,NULL,1,'AC'),(660,1,'PORTETE',NULL,'PORTETE Y LA 17','-2.201533',' -79.916201',1,NULL,NULL,NULL,1,NULL,1,1,1,1,NULL,1,'AC'),(661,1,'AKI 25 DE JULIO',NULL,'AV. 25 DE JULIO, COOP. 7 LAGOS','-2.249931',' -79.894295',1,NULL,NULL,NULL,1,NULL,1,1,1,1,NULL,1,'AC'),(662,1,'MEGAMAXI CEIBOS',NULL,'Avenida del Bombero y Dr L Carrera Calvo','-2.173622',' -79.939720',1,NULL,NULL,NULL,1,NULL,1,1,1,1,NULL,1,'AC'),(663,1,'RIOCENTRO ENTRE RÍOS',NULL,'Km 1/2 Vía a Samborondón','-2.141553',' -79.864887',1,NULL,NULL,NULL,1,NULL,1,1,1,1,NULL,1,'AC'),(664,1,'GASOLINERA MOBIL PUERTO AZUL',NULL,'VÍA A LA COSTA, FRENTE A PUERTO AZUL','-2.183519',' -79.976864',1,NULL,NULL,NULL,1,NULL,1,1,1,1,NULL,1,'AC'),(665,1,'OKI DOKI ALBORADA',NULL,'Ing R Baquerizo Nazur','-2.134688',' -79.901985',1,NULL,NULL,NULL,1,NULL,1,1,1,1,NULL,1,'AC'),(666,1,'OKI DOKI WTC',NULL,'World Trade Center (Av. Francisco De Orellana)','-2.163911',' -79.897927',1,NULL,NULL,NULL,1,NULL,1,1,1,1,NULL,1,'AC'),(667,1,'OKI DOKI U. ESTATAL',NULL,'Dr. Fortunato Safadi Emen','-2.183104',' -79.895469',1,NULL,NULL,NULL,1,NULL,1,1,1,1,NULL,1,'AC'),(668,1,'OKI DOKI PEDRO MONCAYO',NULL,'Pedro Moncayo y QuisQuis','-2.188109',' -79.887965',1,NULL,NULL,NULL,1,NULL,1,1,1,1,NULL,1,'AC'),(669,1,'OKI DOKI PLAZA TRIÁNGULO',NULL,'Ave. Kennedy y ebanos','-2.172541',' -79.907559',1,NULL,NULL,NULL,1,NULL,1,1,1,1,NULL,1,'AC'),(670,1,'GASOLINERA PDV CEIBOS',NULL,'Km. 6.5 Av. del Bombero','-2.178556',' -79.945306',1,NULL,NULL,NULL,1,NULL,1,1,1,1,NULL,1,'AC'),(671,1,'GASOLINERA MOBIL SAMANES',NULL,'AV FRANCISCO DE ORELLANA. SAMANES VI','-2.113610',' -79.906937',1,NULL,NULL,NULL,1,NULL,1,1,1,1,NULL,1,'AC'),(673,12,'Cajero de prueb','','Direccion','-2.183658671956872','-79.98317801723482',NULL,NULL,NULL,NULL,NULL,NULL,NULL,NULL,NULL,NULL,NULL,NULL,'AC'),(674,12,'cajero nuea','horario','direccion','-2.187561127280916','-79.89091539154055',0,0,1,0,0,1,0,1,1,0,0,0,'AC');

/*Table structure for table `posicion` */

DROP TABLE IF EXISTS `posicion`;

CREATE TABLE `posicion` (
  `id` int(11) NOT NULL AUTO_INCREMENT,
  `latitud` varchar(30) DEFAULT NULL,
  `longitud` varchar(30) DEFAULT NULL,
  `fecha` timestamp NOT NULL DEFAULT CURRENT_TIMESTAMP,
  `bancos` varchar(100) DEFAULT NULL,
  PRIMARY KEY (`id`)
) ENGINE=InnoDB AUTO_INCREMENT=64 DEFAULT CHARSET=latin1;

/*Data for the table `posicion` */

insert  into `posicion`(`id`,`latitud`,`longitud`,`fecha`,`bancos`) values (3,'-2.17112355','-79.90018963','2014-07-06 00:08:42',NULL),(4,'-2.17112355','-79.90018963','2014-07-06 00:09:26',NULL),(5,'-2.17112355','-79.90018963','2014-07-06 00:09:41',NULL),(6,'-2.17112355','-79.90018963','2014-07-06 00:09:54',NULL),(7,'-2.17112355','-79.90018963','2014-07-06 00:10:13',NULL),(8,'-2.17112355','-79.90018963','2014-07-06 00:22:16',NULL),(9,'-2.17112355','-79.90018963','2014-07-06 02:31:56',NULL),(10,'0.0','0.0','2014-07-06 02:33:54',NULL),(11,'0.0','0.0','2014-07-06 02:34:26',NULL),(12,'0.0','0.0','2014-07-06 03:17:39',NULL),(13,'0.0','0.0','2014-07-06 03:17:58',NULL),(14,'0.0','0.0','2014-07-06 03:18:03',NULL),(15,'0.0','0.0','2014-07-06 03:18:22',NULL),(16,'0.0','0.0','2014-07-06 03:18:23',NULL),(17,'0.0','0.0','2014-07-06 03:18:26',NULL),(18,'0.0','0.0','2014-07-06 03:18:51',NULL),(19,'0.0','0.0','2014-07-06 03:22:01',NULL),(20,'0.0','0.0','2014-07-06 03:25:55',NULL),(21,'-2.2124899','-79.9025205','2014-07-20 02:14:34','[]'),(22,'-2.212492','-79.9025211','2014-07-20 02:14:55','[7, 8, 9, 10, 11, 12, 5, 6, 4, 3, 2, 1]'),(23,'-2.2125082','-79.902505','2014-07-20 02:15:47','[]'),(24,'-2.2125518','-79.9025121','2014-07-20 02:16:00','[3, 4, 5, 6, 7, 8, 9, 10, 11, 2, 1]'),(25,'-2.2125346','-79.9025054','2014-07-20 02:20:11',''),(26,'-2.2125657','-79.9025156','2014-07-20 02:20:25','2, 3, 4, 5, 6, 7, 8, 9, 10, 11, 12, 1'),(27,'-2.2124984','-79.9025081','2014-07-20 02:22:55',''),(28,'-2.2125414','-79.9025071','2014-07-20 02:23:05','1'),(29,'-2.2124811','-79.902518','2014-07-20 02:28:19',''),(30,'-2.2125539','-79.9025102','2014-07-20 02:28:45',''),(31,'-2.2125354','-79.9025342','2014-07-20 02:29:07',''),(32,'-2.2124858','-79.90251','2014-07-20 02:29:22',''),(33,'-2.2125488','-79.902508','2014-07-20 02:29:31',''),(34,'-2.2125399','-79.9025136','2014-07-20 02:30:53','1, 2, 3, 4, 5, 6, 7, 8, 9, 10, 11, 12'),(35,'-2.2124651','-79.9025325','2014-07-20 02:31:07','1, 2, 3, 4, 5, 6, 7, 8, 9, 10, 11, 12'),(36,'-2.2124819','-79.9025246','2014-07-20 02:34:26','1, 2, 3, 4, 5, 6, 7, 8, 9, 10, 11, 12'),(37,'-2.2125033','-79.9025078','2014-07-20 02:42:51','1, 2, 3, 4, 5, 6, 7, 8, 9, 10, 11, 12'),(38,'-2.2124815967354436','-79.90250799804926','2014-07-20 02:42:59','1, 2, 3, 4, 5, 6, 7, 8, 9, 10, 11, 12'),(39,'-2.2124857','-79.9025291','2014-07-20 02:43:06','5, 6, 7, 8, 9, 10, 11, 12'),(40,'-2.2125338','-79.9025153','2014-07-20 02:43:19','1, 2'),(41,'-2.212466','-79.9025389','2014-07-20 02:43:55','1, 2, 3, 4, 5, 6, 7, 8, 9, 10, 11, 12'),(42,'-2.2125372','-79.9024857','2014-07-20 02:44:07','1, 2'),(43,'-2.236282000533042','-79.9071629717946','2014-07-20 02:44:12','1, 2'),(44,'-2.251268743529986','-79.92343660444021','2014-07-20 02:44:14','1, 2'),(45,'-2.2627246166988986','-79.8752111569047','2014-07-20 02:44:18','1, 2'),(46,'-2.2124668','-79.9025306','2014-07-20 02:44:41','1, 2, 6'),(47,'-2.2058212611651458','-79.89664033055305','2014-07-20 02:44:47','1, 2, 6'),(48,'-2.2125259','-79.9025166','2014-07-20 02:44:54','1, 2, 4'),(49,'-2.206878943209405','-79.90423299372196','2014-07-20 02:44:58','1, 2, 4'),(50,'-2.20797548765759','-79.8959992825985','2014-07-20 02:45:01','1, 2, 4'),(51,'-2.2126976886113527','-79.88819975405931','2014-07-20 02:45:03','1, 2, 4'),(52,'-2.2234094406274383','-79.89901810884476','2014-07-20 02:45:05','1, 2, 4'),(53,'-2.2194849676283663','-79.8932185024023','2014-07-20 02:45:07','1, 2, 4'),(54,'-2.229868348658283','-79.91198558360338','2014-07-20 02:45:09','1, 2, 4'),(55,'-2.229831161188572','-79.91198591887951','2014-07-20 02:47:33','1, 2, 4'),(56,'-2.2124806','-79.90252','2014-07-20 02:47:40','1, 2, 4, 3'),(57,'-2.2125276','-79.9025313','2014-07-20 02:47:53','1, 2, 4, 3, 5'),(58,'-2.181803267831402','-79.8881246522069','2014-07-20 02:47:57','1, 2, 4, 3, 5'),(59,'-2.1804232659788574','-79.90530151873827','2014-07-20 02:47:59','1, 2, 4, 3, 5'),(60,'-2.180361619835981','-79.9053018540144','2014-07-20 02:47:59','1, 2, 4, 3, 5'),(61,'-2.169619740944855','-79.88973833620548','2014-07-20 02:48:01','1, 2, 4, 3, 5'),(62,'-2.1555743059949175','-79.87578649073839','2014-07-20 02:48:03','1, 2, 4, 3, 5'),(63,'-2.1762648259448003','-79.8974097892642','2014-07-20 02:48:06','1, 2, 4, 3, 5');

/*Table structure for table `test` */

DROP TABLE IF EXISTS `test`;

CREATE TABLE `test` (
  `id` int(11) DEFAULT NULL,
  `valor` int(11) DEFAULT NULL
) ENGINE=InnoDB DEFAULT CHARSET=utf8;

/*Data for the table `test` */

insert  into `test`(`id`,`valor`) values (1,401),(1,401);

/*!40101 SET SQL_MODE=@OLD_SQL_MODE */;
/*!40014 SET FOREIGN_KEY_CHECKS=@OLD_FOREIGN_KEY_CHECKS */;
/*!40014 SET UNIQUE_CHECKS=@OLD_UNIQUE_CHECKS */;
/*!40111 SET SQL_NOTES=@OLD_SQL_NOTES */;
